/Datasets/MUSIC/solo_11classes/audio_wav/violin/ySFS1KgXerA.wav,/Datasets/MUSIC/solo_11classes/visual/violin/ySFS1KgXerA.mp4,10,1526
/Datasets/MUSIC/solo_11classes/audio_wav/cello/2ARPm0djKIk.wav,/Datasets/MUSIC/solo_11classes/visual/cello/2ARPm0djKIk.mp4,11,1758
/Datasets/MUSIC/solo_11classes/audio_wav/cello/B22eZY1PESY.wav,/Datasets/MUSIC/solo_11classes/visual/cello/B22eZY1PESY.mp4,11,1643
/Datasets/MUSIC/solo_11classes/audio_wav/acoustic_guitar/5W0OTX18wG0.wav,/Datasets/MUSIC/solo_11classes/visual/acoustic_guitar/5W0OTX18wG0.mp4,16,2475
/Datasets/MUSIC/solo_11classes/audio_wav/trumpet/zhaLSfnahL0.wav,/Datasets/MUSIC/solo_11classes/visual/trumpet/zhaLSfnahL0.mp4,3,474
/Datasets/MUSIC/solo_11classes/audio_wav/cello/7RRqeIUqXPs.wav,/Datasets/MUSIC/solo_11classes/visual/cello/7RRqeIUqXPs.mp4,10,1533
/Datasets/MUSIC/solo_11classes/audio_wav/cello/M3YZEmQyt6c.wav,/Datasets/MUSIC/solo_11classes/visual/cello/M3YZEmQyt6c.mp4,11,1668
/Datasets/MUSIC/solo_11classes/audio_wav/erhu/P6mSuuTzYxk.wav,/Datasets/MUSIC/solo_11classes/visual/erhu/P6mSuuTzYxk.mp4,9,1342
/Datasets/MUSIC/solo_11classes/audio_wav/flute/7Zudy1bw7bw.wav,/Datasets/MUSIC/solo_11classes/visual/flute/7Zudy1bw7bw.mp4,10,1521
/Datasets/MUSIC/solo_11classes/audio_wav/flute/D5gWhSH7jRU.wav,/Datasets/MUSIC/solo_11classes/visual/flute/D5gWhSH7jRU.mp4,6,895
/Datasets/MUSIC/solo_11classes/audio_wav/acoustic_guitar/DvbeXXoraro.wav,/Datasets/MUSIC/solo_11classes/visual/acoustic_guitar/DvbeXXoraro.mp4,8,1161
/Datasets/MUSIC/solo_11classes/audio_wav/accordion/kCMA0wi7i6Y.wav,/Datasets/MUSIC/solo_11classes/visual/accordion/kCMA0wi7i6Y.mp4,7,1063
/Datasets/MUSIC/solo_11classes/audio_wav/saxophone/OxA5Z_5-w0E.wav,/Datasets/MUSIC/solo_11classes/visual/saxophone/OxA5Z_5-w0E.mp4,9,1431
/Datasets/MUSIC/solo_11classes/audio_wav/accordion/q4kscRK91y4.wav,/Datasets/MUSIC/solo_11classes/visual/accordion/q4kscRK91y4.mp4,6,941
/Datasets/MUSIC/solo_11classes/audio_wav/cello/VYkZb7F4zKo.wav,/Datasets/MUSIC/solo_11classes/visual/cello/VYkZb7F4zKo.mp4,9,1355
/Datasets/MUSIC/solo_11classes/audio_wav/accordion/6hQHOZNwfRs.wav,/Datasets/MUSIC/solo_11classes/visual/accordion/6hQHOZNwfRs.mp4,9,1305
/Datasets/MUSIC/solo_11classes/audio_wav/accordion/OnT8HuJuuIA.wav,/Datasets/MUSIC/solo_11classes/visual/accordion/OnT8HuJuuIA.mp4,6,846
/Datasets/MUSIC/solo_11classes/audio_wav/acoustic_guitar/D6RmuscqupA.wav,/Datasets/MUSIC/solo_11classes/visual/acoustic_guitar/D6RmuscqupA.mp4,15,2400
/Datasets/MUSIC/solo_11classes/audio_wav/erhu/-5MipMQ25cU.wav,/Datasets/MUSIC/solo_11classes/visual/erhu/-5MipMQ25cU.mp4,7,984
/Datasets/MUSIC/solo_11classes/audio_wav/acoustic_guitar/8OocjGxAtHw.wav,/Datasets/MUSIC/solo_11classes/visual/acoustic_guitar/8OocjGxAtHw.mp4,17,2606
/Datasets/MUSIC/solo_11classes/audio_wav/violin/qKnggsxx2II.wav,/Datasets/MUSIC/solo_11classes/visual/violin/qKnggsxx2II.mp4,105,16705
/Datasets/MUSIC/solo_11classes/audio_wav/flute/hYepU4PQFAo.wav,/Datasets/MUSIC/solo_11classes/visual/flute/hYepU4PQFAo.mp4,3,461
/Datasets/MUSIC/solo_11classes/audio_wav/acoustic_guitar/9SZLDvRaHEA.wav,/Datasets/MUSIC/solo_11classes/visual/acoustic_guitar/9SZLDvRaHEA.mp4,7,1037
/Datasets/MUSIC/solo_11classes/audio_wav/xylophone/Jtq-HDS3Zdc.wav,/Datasets/MUSIC/solo_11classes/visual/xylophone/Jtq-HDS3Zdc.mp4,5,692
/Datasets/MUSIC/solo_11classes/audio_wav/tuba/ALMOnRonTPM.wav,/Datasets/MUSIC/solo_11classes/visual/tuba/ALMOnRonTPM.mp4,2,197
/Datasets/MUSIC/solo_11classes/audio_wav/trumpet/sPtLTnsCgMY.wav,/Datasets/MUSIC/solo_11classes/visual/trumpet/sPtLTnsCgMY.mp4,2,169
/Datasets/MUSIC/solo_11classes/audio_wav/violin/QqKlMPzQj7k.wav,/Datasets/MUSIC/solo_11classes/visual/violin/QqKlMPzQj7k.mp4,5,800
/Datasets/MUSIC/solo_11classes/audio_wav/flute/cyUUlWSEujk.wav,/Datasets/MUSIC/solo_11classes/visual/flute/cyUUlWSEujk.mp4,3,322
/Datasets/MUSIC/solo_11classes/audio_wav/clarinet/IZx6ZXWuOGY.wav,/Datasets/MUSIC/solo_11classes/visual/clarinet/IZx6ZXWuOGY.mp4,6,958
/Datasets/MUSIC/solo_11classes/audio_wav/clarinet/ZYMb7ZJkJgc.wav,/Datasets/MUSIC/solo_11classes/visual/clarinet/ZYMb7ZJkJgc.mp4,7,1071
/Datasets/MUSIC/solo_11classes/audio_wav/acoustic_guitar/HPyM9xzrih0.wav,/Datasets/MUSIC/solo_11classes/visual/acoustic_guitar/HPyM9xzrih0.mp4,7,1066
/Datasets/MUSIC/solo_11classes/audio_wav/trumpet/wEF6fWnx_wY.wav,/Datasets/MUSIC/solo_11classes/visual/trumpet/wEF6fWnx_wY.mp4,5,703
/Datasets/MUSIC/solo_11classes/audio_wav/saxophone/tGG2P7mjuqQ.wav,/Datasets/MUSIC/solo_11classes/visual/saxophone/tGG2P7mjuqQ.mp4,3,406
/Datasets/MUSIC/solo_11classes/audio_wav/cello/IcV9yqQOqkw.wav,/Datasets/MUSIC/solo_11classes/visual/cello/IcV9yqQOqkw.mp4,6,841
/Datasets/MUSIC/solo_11classes/audio_wav/violin/8mDNLCo1McQ.wav,/Datasets/MUSIC/solo_11classes/visual/violin/8mDNLCo1McQ.mp4,6,883
/Datasets/MUSIC/solo_11classes/audio_wav/flute/tfcNUo8qjrA.wav,/Datasets/MUSIC/solo_11classes/visual/flute/tfcNUo8qjrA.mp4,7,1030
/Datasets/MUSIC/solo_11classes/audio_wav/violin/85KcVDCQLfc.wav,/Datasets/MUSIC/solo_11classes/visual/violin/85KcVDCQLfc.mp4,8,1279
/Datasets/MUSIC/solo_11classes/audio_wav/erhu/6d0tmb28kV4.wav,/Datasets/MUSIC/solo_11classes/visual/erhu/6d0tmb28kV4.mp4,3,455
/Datasets/MUSIC/solo_11classes/audio_wav/violin/-UoFXtE2eqk.wav,/Datasets/MUSIC/solo_11classes/visual/violin/-UoFXtE2eqk.mp4,12,1883
/Datasets/MUSIC/solo_11classes/audio_wav/saxophone/iEOdwzdXmfE.wav,/Datasets/MUSIC/solo_11classes/visual/saxophone/iEOdwzdXmfE.mp4,5,708
/Datasets/MUSIC/solo_11classes/audio_wav/accordion/c7Jyu_OiEB0.wav,/Datasets/MUSIC/solo_11classes/visual/accordion/c7Jyu_OiEB0.mp4,5,685
/Datasets/MUSIC/solo_11classes/audio_wav/trumpet/Ba4ajAm0VDI.wav,/Datasets/MUSIC/solo_11classes/visual/trumpet/Ba4ajAm0VDI.mp4,4,573
/Datasets/MUSIC/solo_11classes/audio_wav/acoustic_guitar/OBbmnUIJQDQ.wav,/Datasets/MUSIC/solo_11classes/visual/acoustic_guitar/OBbmnUIJQDQ.mp4,6,809
/Datasets/MUSIC/solo_11classes/audio_wav/violin/naAz_RNicmU.wav,/Datasets/MUSIC/solo_11classes/visual/violin/naAz_RNicmU.mp4,7,1006
/Datasets/MUSIC/solo_11classes/audio_wav/erhu/EJ-dXyKrSKA.wav,/Datasets/MUSIC/solo_11classes/visual/erhu/EJ-dXyKrSKA.mp4,8,1234
/Datasets/MUSIC/solo_11classes/audio_wav/violin/JByLsqhRL_0.wav,/Datasets/MUSIC/solo_11classes/visual/violin/JByLsqhRL_0.mp4,10,1535
/Datasets/MUSIC/solo_11classes/audio_wav/clarinet/U6iN9QcIp7I.wav,/Datasets/MUSIC/solo_11classes/visual/clarinet/U6iN9QcIp7I.mp4,5,661
/Datasets/MUSIC/solo_11classes/audio_wav/trumpet/eCQO6k5Qrmg.wav,/Datasets/MUSIC/solo_11classes/visual/trumpet/eCQO6k5Qrmg.mp4,4,510
/Datasets/MUSIC/solo_11classes/audio_wav/accordion/fful4o8CIW8.wav,/Datasets/MUSIC/solo_11classes/visual/accordion/fful4o8CIW8.mp4,5,743
/Datasets/MUSIC/solo_11classes/audio_wav/acoustic_guitar/-4nIqLncdB0.wav,/Datasets/MUSIC/solo_11classes/visual/acoustic_guitar/-4nIqLncdB0.mp4,14,2221
/Datasets/MUSIC/solo_11classes/audio_wav/acoustic_guitar/Czn6lg--pRw.wav,/Datasets/MUSIC/solo_11classes/visual/acoustic_guitar/Czn6lg--pRw.mp4,10,1588
/Datasets/MUSIC/solo_11classes/audio_wav/accordion/yn1NaZWN_qQ.wav,/Datasets/MUSIC/solo_11classes/visual/accordion/yn1NaZWN_qQ.mp4,5,652
/Datasets/MUSIC/solo_11classes/audio_wav/violin/X2hHGcwLPhs.wav,/Datasets/MUSIC/solo_11classes/visual/violin/X2hHGcwLPhs.mp4,5,734
/Datasets/MUSIC/solo_11classes/audio_wav/flute/YR6kjiPyNHU.wav,/Datasets/MUSIC/solo_11classes/visual/flute/YR6kjiPyNHU.mp4,8,1259
/Datasets/MUSIC/solo_11classes/audio_wav/flute/8o5ngxZaYYw.wav,/Datasets/MUSIC/solo_11classes/visual/flute/8o5ngxZaYYw.mp4,5,689
/Datasets/MUSIC/solo_11classes/audio_wav/trumpet/6G78knF3eFk.wav,/Datasets/MUSIC/solo_11classes/visual/trumpet/6G78knF3eFk.mp4,3,380
/Datasets/MUSIC/solo_11classes/audio_wav/acoustic_guitar/1MiyvDB_bzM.wav,/Datasets/MUSIC/solo_11classes/visual/acoustic_guitar/1MiyvDB_bzM.mp4,14,2201
/Datasets/MUSIC/solo_11classes/audio_wav/erhu/Lv2vc_8CZLc.wav,/Datasets/MUSIC/solo_11classes/visual/erhu/Lv2vc_8CZLc.mp4,9,1289
/Datasets/MUSIC/solo_11classes/audio_wav/violin/rxr5tTH8_mM.wav,/Datasets/MUSIC/solo_11classes/visual/violin/rxr5tTH8_mM.mp4,12,1826
/Datasets/MUSIC/solo_11classes/audio_wav/clarinet/iHQIK5JM3Xo.wav,/Datasets/MUSIC/solo_11classes/visual/clarinet/iHQIK5JM3Xo.mp4,6,889
/Datasets/MUSIC/solo_11classes/audio_wav/tuba/InzjAr8VdvY.wav,/Datasets/MUSIC/solo_11classes/visual/tuba/InzjAr8VdvY.mp4,3,348
/Datasets/MUSIC/solo_11classes/audio_wav/cello/EvBzKBdfZxA.wav,/Datasets/MUSIC/solo_11classes/visual/cello/EvBzKBdfZxA.mp4,4,491
/Datasets/MUSIC/solo_11classes/audio_wav/acoustic_guitar/-6dwiJ-m4K4.wav,/Datasets/MUSIC/solo_11classes/visual/acoustic_guitar/-6dwiJ-m4K4.mp4,16,2503
/Datasets/MUSIC/solo_11classes/audio_wav/violin/l7LptHCRkQU.wav,/Datasets/MUSIC/solo_11classes/visual/violin/l7LptHCRkQU.mp4,12,1775
/Datasets/MUSIC/solo_11classes/audio_wav/violin/BMhnTdy-A0M.wav,/Datasets/MUSIC/solo_11classes/visual/violin/BMhnTdy-A0M.mp4,3,380
/Datasets/MUSIC/solo_11classes/audio_wav/accordion/XZ1rUpbdu-Y.wav,/Datasets/MUSIC/solo_11classes/visual/accordion/XZ1rUpbdu-Y.mp4,3,420
/Datasets/MUSIC/solo_11classes/audio_wav/cello/TBngVoy_GrE.wav,/Datasets/MUSIC/solo_11classes/visual/cello/TBngVoy_GrE.mp4,6,879
/Datasets/MUSIC/solo_11classes/audio_wav/violin/VtZXRWtp5G0.wav,/Datasets/MUSIC/solo_11classes/visual/violin/VtZXRWtp5G0.mp4,4,518
/Datasets/MUSIC/solo_11classes/audio_wav/trumpet/eBoCeQtoFtM.wav,/Datasets/MUSIC/solo_11classes/visual/trumpet/eBoCeQtoFtM.mp4,4,574
/Datasets/MUSIC/solo_11classes/audio_wav/erhu/7v9Z3IdjP8s.wav,/Datasets/MUSIC/solo_11classes/visual/erhu/7v9Z3IdjP8s.mp4,9,1389
/Datasets/MUSIC/solo_11classes/audio_wav/accordion/A2p8VW61RGc.wav,/Datasets/MUSIC/solo_11classes/visual/accordion/A2p8VW61RGc.mp4,5,723
/Datasets/MUSIC/solo_11classes/audio_wav/erhu/JEDgAVcR_yE.wav,/Datasets/MUSIC/solo_11classes/visual/erhu/JEDgAVcR_yE.mp4,2,317
/Datasets/MUSIC/solo_11classes/audio_wav/cello/5Eg6GNhszNE.wav,/Datasets/MUSIC/solo_11classes/visual/cello/5Eg6GNhszNE.mp4,6,945
/Datasets/MUSIC/solo_11classes/audio_wav/clarinet/GKwO7cy2JIA.wav,/Datasets/MUSIC/solo_11classes/visual/clarinet/GKwO7cy2JIA.mp4,7,1084
/Datasets/MUSIC/solo_11classes/audio_wav/acoustic_guitar/9sYVHOsxdEA.wav,/Datasets/MUSIC/solo_11classes/visual/acoustic_guitar/9sYVHOsxdEA.mp4,17,2712
/Datasets/MUSIC/solo_11classes/audio_wav/saxophone/TSEWnnKagqQ.wav,/Datasets/MUSIC/solo_11classes/visual/saxophone/TSEWnnKagqQ.mp4,7,1004
/Datasets/MUSIC/solo_11classes/audio_wav/erhu/MTyf4utLlJk.wav,/Datasets/MUSIC/solo_11classes/visual/erhu/MTyf4utLlJk.mp4,11,1705
/Datasets/MUSIC/solo_11classes/audio_wav/accordion/Ct-SQmiA31s.wav,/Datasets/MUSIC/solo_11classes/visual/accordion/Ct-SQmiA31s.mp4,2,167
/Datasets/MUSIC/solo_11classes/audio_wav/tuba/aerJoJj--HU.wav,/Datasets/MUSIC/solo_11classes/visual/tuba/aerJoJj--HU.mp4,8,1160
/Datasets/MUSIC/solo_11classes/audio_wav/xylophone/McMd-s4XpZk.wav,/Datasets/MUSIC/solo_11classes/visual/xylophone/McMd-s4XpZk.mp4,4,609
/Datasets/MUSIC/solo_11classes/audio_wav/trumpet/ENnSwgLc2B4.wav,/Datasets/MUSIC/solo_11classes/visual/trumpet/ENnSwgLc2B4.mp4,2,304
/Datasets/MUSIC/solo_11classes/audio_wav/saxophone/OufpA4FV1Tc.wav,/Datasets/MUSIC/solo_11classes/visual/saxophone/OufpA4FV1Tc.mp4,7,1067
/Datasets/MUSIC/solo_11classes/audio_wav/violin/P3RSXOzak0o.wav,/Datasets/MUSIC/solo_11classes/visual/violin/P3RSXOzak0o.mp4,68,10774
/Datasets/MUSIC/solo_11classes/audio_wav/cello/QZEkGj9m1qs.wav,/Datasets/MUSIC/solo_11classes/visual/cello/QZEkGj9m1qs.mp4,5,774
/Datasets/MUSIC/solo_11classes/audio_wav/acoustic_guitar/XdoR3Mw217M.wav,/Datasets/MUSIC/solo_11classes/visual/acoustic_guitar/XdoR3Mw217M.mp4,11,1696
/Datasets/MUSIC/solo_11classes/audio_wav/acoustic_guitar/30BRN7-KOG4.wav,/Datasets/MUSIC/solo_11classes/visual/acoustic_guitar/30BRN7-KOG4.mp4,11,1758
/Datasets/MUSIC/solo_11classes/audio_wav/acoustic_guitar/7zrsesZWrhc.wav,/Datasets/MUSIC/solo_11classes/visual/acoustic_guitar/7zrsesZWrhc.mp4,12,1863
/Datasets/MUSIC/solo_11classes/audio_wav/flute/KgebjbW1mGk.wav,/Datasets/MUSIC/solo_11classes/visual/flute/KgebjbW1mGk.mp4,5,667
/Datasets/MUSIC/solo_11classes/audio_wav/accordion/ZoE25YHTGDQ.wav,/Datasets/MUSIC/solo_11classes/visual/accordion/ZoE25YHTGDQ.mp4,7,1021
/Datasets/MUSIC/solo_11classes/audio_wav/acoustic_guitar/DeQHA0xP2zk.wav,/Datasets/MUSIC/solo_11classes/visual/acoustic_guitar/DeQHA0xP2zk.mp4,11,1638
/Datasets/MUSIC/solo_11classes/audio_wav/cello/MUalqwUFrPs.wav,/Datasets/MUSIC/solo_11classes/visual/cello/MUalqwUFrPs.mp4,11,1739
/Datasets/MUSIC/solo_11classes/audio_wav/accordion/MnoQccPJbyM.wav,/Datasets/MUSIC/solo_11classes/visual/accordion/MnoQccPJbyM.mp4,12,1892
/Datasets/MUSIC/solo_11classes/audio_wav/trumpet/7q1E1pueAU4.wav,/Datasets/MUSIC/solo_11classes/visual/trumpet/7q1E1pueAU4.mp4,2,245
/Datasets/MUSIC/solo_11classes/audio_wav/violin/nvjfuTKz2yA.wav,/Datasets/MUSIC/solo_11classes/visual/violin/nvjfuTKz2yA.mp4,9,1326
/Datasets/MUSIC/solo_11classes/audio_wav/erhu/31GOxPXDNkk.wav,/Datasets/MUSIC/solo_11classes/visual/erhu/31GOxPXDNkk.mp4,5,747
/Datasets/MUSIC/solo_11classes/audio_wav/saxophone/NLGte2YC6Oc.wav,/Datasets/MUSIC/solo_11classes/visual/saxophone/NLGte2YC6Oc.mp4,8,1155
/Datasets/MUSIC/solo_11classes/audio_wav/tuba/Aibr0BCz-Yk.wav,/Datasets/MUSIC/solo_11classes/visual/tuba/Aibr0BCz-Yk.mp4,10,1465
/Datasets/MUSIC/solo_11classes/audio_wav/violin/r2w-OciR4hw.wav,/Datasets/MUSIC/solo_11classes/visual/violin/r2w-OciR4hw.mp4,7,1116
/Datasets/MUSIC/solo_11classes/audio_wav/cello/1Ju4S0qeDqw.wav,/Datasets/MUSIC/solo_11classes/visual/cello/1Ju4S0qeDqw.mp4,9,1376
/Datasets/MUSIC/solo_11classes/audio_wav/tuba/-X4loU7hcpw.wav,/Datasets/MUSIC/solo_11classes/visual/tuba/-X4loU7hcpw.mp4,3,354
/Datasets/MUSIC/solo_11classes/audio_wav/cello/MCftKtqmH1A.wav,/Datasets/MUSIC/solo_11classes/visual/cello/MCftKtqmH1A.mp4,8,1128
/Datasets/MUSIC/solo_11classes/audio_wav/clarinet/2D5nT67CIRw.wav,/Datasets/MUSIC/solo_11classes/visual/clarinet/2D5nT67CIRw.mp4,6,897
/Datasets/MUSIC/solo_11classes/audio_wav/accordion/9okuB-rub8c.wav,/Datasets/MUSIC/solo_11classes/visual/accordion/9okuB-rub8c.mp4,3,402
/Datasets/MUSIC/solo_11classes/audio_wav/cello/97UEABGyyw8.wav,/Datasets/MUSIC/solo_11classes/visual/cello/97UEABGyyw8.mp4,7,1017
/Datasets/MUSIC/solo_11classes/audio_wav/violin/nUZ9jX1J78c.wav,/Datasets/MUSIC/solo_11classes/visual/violin/nUZ9jX1J78c.mp4,6,943
/Datasets/MUSIC/solo_11classes/audio_wav/acoustic_guitar/2CcXQsF06Xo.wav,/Datasets/MUSIC/solo_11classes/visual/acoustic_guitar/2CcXQsF06Xo.mp4,8,1222
/Datasets/MUSIC/solo_11classes/audio_wav/xylophone/GF-3c8hBi9I.wav,/Datasets/MUSIC/solo_11classes/visual/xylophone/GF-3c8hBi9I.mp4,10,1538
/Datasets/MUSIC/solo_11classes/audio_wav/accordion/yy2vL2RUiPI.wav,/Datasets/MUSIC/solo_11classes/visual/accordion/yy2vL2RUiPI.mp4,6,896
/Datasets/MUSIC/solo_11classes/audio_wav/trumpet/S3G9BjzPKXo.wav,/Datasets/MUSIC/solo_11classes/visual/trumpet/S3G9BjzPKXo.mp4,3,342
/Datasets/MUSIC/solo_11classes/audio_wav/violin/IGouH5bKhj8.wav,/Datasets/MUSIC/solo_11classes/visual/violin/IGouH5bKhj8.mp4,13,1960
/Datasets/MUSIC/solo_11classes/audio_wav/tuba/AAUm9njcMRk.wav,/Datasets/MUSIC/solo_11classes/visual/tuba/AAUm9njcMRk.mp4,5,746
/Datasets/MUSIC/solo_11classes/audio_wav/flute/kbTy_5o6AB4.wav,/Datasets/MUSIC/solo_11classes/visual/flute/kbTy_5o6AB4.mp4,7,966
/Datasets/MUSIC/solo_11classes/audio_wav/accordion/OIBq0bBziuw.wav,/Datasets/MUSIC/solo_11classes/visual/accordion/OIBq0bBziuw.mp4,8,1184
/Datasets/MUSIC/solo_11classes/audio_wav/acoustic_guitar/1E7U1w2Z8C0.wav,/Datasets/MUSIC/solo_11classes/visual/acoustic_guitar/1E7U1w2Z8C0.mp4,25,3848
/Datasets/MUSIC/solo_11classes/audio_wav/flute/WNeHlya4VnQ.wav,/Datasets/MUSIC/solo_11classes/visual/flute/WNeHlya4VnQ.mp4,5,740
/Datasets/MUSIC/solo_11classes/audio_wav/erhu/Us9dxgfBfeo.wav,/Datasets/MUSIC/solo_11classes/visual/erhu/Us9dxgfBfeo.mp4,9,1378
/Datasets/MUSIC/solo_11classes/audio_wav/clarinet/ZXz0cVq_RTI.wav,/Datasets/MUSIC/solo_11classes/visual/clarinet/ZXz0cVq_RTI.mp4,4,494
/Datasets/MUSIC/solo_11classes/audio_wav/clarinet/iLeEWSC2M2U.wav,/Datasets/MUSIC/solo_11classes/visual/clarinet/iLeEWSC2M2U.mp4,3,463
/Datasets/MUSIC/solo_11classes/audio_wav/xylophone/dpnBlIZGyJA.wav,/Datasets/MUSIC/solo_11classes/visual/xylophone/dpnBlIZGyJA.mp4,2,303
/Datasets/MUSIC/solo_11classes/audio_wav/cello/Rj5XJO5T8PY.wav,/Datasets/MUSIC/solo_11classes/visual/cello/Rj5XJO5T8PY.mp4,7,1044
/Datasets/MUSIC/solo_11classes/audio_wav/cello/U2s_4d0ZLT8.wav,/Datasets/MUSIC/solo_11classes/visual/cello/U2s_4d0ZLT8.mp4,10,1482
/Datasets/MUSIC/solo_11classes/audio_wav/erhu/GH8dcVpkhc0.wav,/Datasets/MUSIC/solo_11classes/visual/erhu/GH8dcVpkhc0.mp4,9,1307
/Datasets/MUSIC/solo_11classes/audio_wav/acoustic_guitar/AAnID4RS7Vg.wav,/Datasets/MUSIC/solo_11classes/visual/acoustic_guitar/AAnID4RS7Vg.mp4,13,1971
/Datasets/MUSIC/solo_11classes/audio_wav/cello/PEyIPSlJNQM.wav,/Datasets/MUSIC/solo_11classes/visual/cello/PEyIPSlJNQM.mp4,9,1288
/Datasets/MUSIC/solo_11classes/audio_wav/tuba/BabDKZLYlyE.wav,/Datasets/MUSIC/solo_11classes/visual/tuba/BabDKZLYlyE.mp4,2,286
/Datasets/MUSIC/solo_11classes/audio_wav/xylophone/91MhpKVea30.wav,/Datasets/MUSIC/solo_11classes/visual/xylophone/91MhpKVea30.mp4,12,1828
/Datasets/MUSIC/solo_11classes/audio_wav/flute/j0U_hqIH_XM.wav,/Datasets/MUSIC/solo_11classes/visual/flute/j0U_hqIH_XM.mp4,8,1178
/Datasets/MUSIC/solo_11classes/audio_wav/flute/X8rR0SV_BhU.wav,/Datasets/MUSIC/solo_11classes/visual/flute/X8rR0SV_BhU.mp4,8,1215
/Datasets/MUSIC/solo_11classes/audio_wav/violin/j43Hj6k9Zy4.wav,/Datasets/MUSIC/solo_11classes/visual/violin/j43Hj6k9Zy4.mp4,13,2056
/Datasets/MUSIC/solo_11classes/audio_wav/accordion/cFskXS823Kk.wav,/Datasets/MUSIC/solo_11classes/visual/accordion/cFskXS823Kk.mp4,7,1075
/Datasets/MUSIC/solo_11classes/audio_wav/cello/S86qStDAz3A.wav,/Datasets/MUSIC/solo_11classes/visual/cello/S86qStDAz3A.mp4,7,976
/Datasets/MUSIC/solo_11classes/audio_wav/erhu/-7l7M6vMm1k.wav,/Datasets/MUSIC/solo_11classes/visual/erhu/-7l7M6vMm1k.mp4,5,722
/Datasets/MUSIC/solo_11classes/audio_wav/violin/H-j5lp2QjEE.wav,/Datasets/MUSIC/solo_11classes/visual/violin/H-j5lp2QjEE.mp4,6,830
/Datasets/MUSIC/solo_11classes/audio_wav/accordion/STtGADifdUw.wav,/Datasets/MUSIC/solo_11classes/visual/accordion/STtGADifdUw.mp4,5,692
/Datasets/MUSIC/solo_11classes/audio_wav/acoustic_guitar/At63FPRHLAo.wav,/Datasets/MUSIC/solo_11classes/visual/acoustic_guitar/At63FPRHLAo.mp4,11,1758
/Datasets/MUSIC/solo_11classes/audio_wav/acoustic_guitar/2lJh-6TYdX8.wav,/Datasets/MUSIC/solo_11classes/visual/acoustic_guitar/2lJh-6TYdX8.mp4,5,766
/Datasets/MUSIC/solo_11classes/audio_wav/acoustic_guitar/M3dekVSwNjY.wav,/Datasets/MUSIC/solo_11classes/visual/acoustic_guitar/M3dekVSwNjY.mp4,10,1581
/Datasets/MUSIC/solo_11classes/audio_wav/trumpet/TaII-y9-5Iw.wav,/Datasets/MUSIC/solo_11classes/visual/trumpet/TaII-y9-5Iw.mp4,5,790
/Datasets/MUSIC/solo_11classes/audio_wav/clarinet/GQGBzVaDTmM.wav,/Datasets/MUSIC/solo_11classes/visual/clarinet/GQGBzVaDTmM.mp4,5,690
/Datasets/MUSIC/solo_11classes/audio_wav/flute/unRA0xR-XWc.wav,/Datasets/MUSIC/solo_11classes/visual/flute/unRA0xR-XWc.mp4,5,746
/Datasets/MUSIC/solo_11classes/audio_wav/violin/ZFuLPm6-kVw.wav,/Datasets/MUSIC/solo_11classes/visual/violin/ZFuLPm6-kVw.mp4,2,291
/Datasets/MUSIC/solo_11classes/audio_wav/tuba/GSol2w0QnJE.wav,/Datasets/MUSIC/solo_11classes/visual/tuba/GSol2w0QnJE.mp4,3,464
/Datasets/MUSIC/solo_11classes/audio_wav/clarinet/RqPkcu-xidI.wav,/Datasets/MUSIC/solo_11classes/visual/clarinet/RqPkcu-xidI.mp4,12,1798
/Datasets/MUSIC/solo_11classes/audio_wav/flute/LKVxvHeb8hs.wav,/Datasets/MUSIC/solo_11classes/visual/flute/LKVxvHeb8hs.mp4,5,770
/Datasets/MUSIC/solo_11classes/audio_wav/trumpet/I2QXo4mGeRE.wav,/Datasets/MUSIC/solo_11classes/visual/trumpet/I2QXo4mGeRE.mp4,2,214
/Datasets/MUSIC/solo_11classes/audio_wav/xylophone/EHKq3-zwphs.wav,/Datasets/MUSIC/solo_11classes/visual/xylophone/EHKq3-zwphs.mp4,6,958
/Datasets/MUSIC/solo_11classes/audio_wav/trumpet/aCi1P8Rymo4.wav,/Datasets/MUSIC/solo_11classes/visual/trumpet/aCi1P8Rymo4.mp4,5,707
/Datasets/MUSIC/solo_11classes/audio_wav/acoustic_guitar/-piYS0yc_dI.wav,/Datasets/MUSIC/solo_11classes/visual/acoustic_guitar/-piYS0yc_dI.mp4,18,2875
/Datasets/MUSIC/solo_11classes/audio_wav/acoustic_guitar/-8AgRz5Jdrw.wav,/Datasets/MUSIC/solo_11classes/visual/acoustic_guitar/-8AgRz5Jdrw.mp4,15,2376
/Datasets/MUSIC/solo_11classes/audio_wav/acoustic_guitar/HGlIImajcRI.wav,/Datasets/MUSIC/solo_11classes/visual/acoustic_guitar/HGlIImajcRI.mp4,10,1570
/Datasets/MUSIC/solo_11classes/audio_wav/trumpet/nKc4srJBgYU.wav,/Datasets/MUSIC/solo_11classes/visual/trumpet/nKc4srJBgYU.mp4,3,371
/Datasets/MUSIC/solo_11classes/audio_wav/tuba/DVrCy36Uigo.wav,/Datasets/MUSIC/solo_11classes/visual/tuba/DVrCy36Uigo.mp4,6,941
/Datasets/MUSIC/solo_11classes/audio_wav/acoustic_guitar/TzbeCt4_LFc.wav,/Datasets/MUSIC/solo_11classes/visual/acoustic_guitar/TzbeCt4_LFc.mp4,11,1725
/Datasets/MUSIC/solo_11classes/audio_wav/cello/CjNKUiFHUC8.wav,/Datasets/MUSIC/solo_11classes/visual/cello/CjNKUiFHUC8.mp4,11,1752
/Datasets/MUSIC/solo_11classes/audio_wav/accordion/1oz3h9doX_g.wav,/Datasets/MUSIC/solo_11classes/visual/accordion/1oz3h9doX_g.mp4,7,1106
/Datasets/MUSIC/solo_11classes/audio_wav/trumpet/y-Y6QAUqSKg.wav,/Datasets/MUSIC/solo_11classes/visual/trumpet/y-Y6QAUqSKg.mp4,4,566
/Datasets/MUSIC/solo_11classes/audio_wav/accordion/oOCHF3GgKLs.wav,/Datasets/MUSIC/solo_11classes/visual/accordion/oOCHF3GgKLs.mp4,9,1426
/Datasets/MUSIC/solo_11classes/audio_wav/acoustic_guitar/MJmVYLWPnCI.wav,/Datasets/MUSIC/solo_11classes/visual/acoustic_guitar/MJmVYLWPnCI.mp4,4,627
/Datasets/MUSIC/solo_11classes/audio_wav/xylophone/JbGvqve_JH0.wav,/Datasets/MUSIC/solo_11classes/visual/xylophone/JbGvqve_JH0.mp4,7,1063
/Datasets/MUSIC/solo_11classes/audio_wav/xylophone/KPTyodoU2ng.wav,/Datasets/MUSIC/solo_11classes/visual/xylophone/KPTyodoU2ng.mp4,10,1515
/Datasets/MUSIC/solo_11classes/audio_wav/flute/SMp2-xo1lZE.wav,/Datasets/MUSIC/solo_11classes/visual/flute/SMp2-xo1lZE.mp4,3,459
/Datasets/MUSIC/solo_11classes/audio_wav/clarinet/23DDVbzSig8.wav,/Datasets/MUSIC/solo_11classes/visual/clarinet/23DDVbzSig8.mp4,4,523
/Datasets/MUSIC/solo_11classes/audio_wav/xylophone/6I846oP0E7Q.wav,/Datasets/MUSIC/solo_11classes/visual/xylophone/6I846oP0E7Q.mp4,10,1567
/Datasets/MUSIC/solo_11classes/audio_wav/trumpet/zJIt_KdE3Jc.wav,/Datasets/MUSIC/solo_11classes/visual/trumpet/zJIt_KdE3Jc.mp4,3,344
/Datasets/MUSIC/solo_11classes/audio_wav/violin/yXKJiqOuvkA.wav,/Datasets/MUSIC/solo_11classes/visual/violin/yXKJiqOuvkA.mp4,8,1129
/Datasets/MUSIC/solo_11classes/audio_wav/xylophone/Z36VEiqi02Y.wav,/Datasets/MUSIC/solo_11classes/visual/xylophone/Z36VEiqi02Y.mp4,10,1496
/Datasets/MUSIC/solo_11classes/audio_wav/acoustic_guitar/9ygrq7in_uI.wav,/Datasets/MUSIC/solo_11classes/visual/acoustic_guitar/9ygrq7in_uI.mp4,11,1651
/Datasets/MUSIC/solo_11classes/audio_wav/cello/XS_dSmZ0xbw.wav,/Datasets/MUSIC/solo_11classes/visual/cello/XS_dSmZ0xbw.mp4,12,1874
/Datasets/MUSIC/solo_11classes/audio_wav/acoustic_guitar/AszMf9QGxug.wav,/Datasets/MUSIC/solo_11classes/visual/acoustic_guitar/AszMf9QGxug.mp4,11,1648
/Datasets/MUSIC/solo_11classes/audio_wav/violin/cMYr693e3Eo.wav,/Datasets/MUSIC/solo_11classes/visual/violin/cMYr693e3Eo.mp4,3,466
/Datasets/MUSIC/solo_11classes/audio_wav/tuba/S9ES30JJTZc.wav,/Datasets/MUSIC/solo_11classes/visual/tuba/S9ES30JJTZc.mp4,4,490
/Datasets/MUSIC/solo_11classes/audio_wav/saxophone/FR_1gEaBeeE.wav,/Datasets/MUSIC/solo_11classes/visual/saxophone/FR_1gEaBeeE.mp4,5,778
/Datasets/MUSIC/solo_11classes/audio_wav/flute/d5IO46KfjR4.wav,/Datasets/MUSIC/solo_11classes/visual/flute/d5IO46KfjR4.mp4,5,790
/Datasets/MUSIC/solo_11classes/audio_wav/flute/GouIcBwgP_U.wav,/Datasets/MUSIC/solo_11classes/visual/flute/GouIcBwgP_U.mp4,9,1427
/Datasets/MUSIC/solo_11classes/audio_wav/trumpet/2V12S02E2Jc.wav,/Datasets/MUSIC/solo_11classes/visual/trumpet/2V12S02E2Jc.mp4,4,638
/Datasets/MUSIC/solo_11classes/audio_wav/saxophone/e5YNEk9Ye-o.wav,/Datasets/MUSIC/solo_11classes/visual/saxophone/e5YNEk9Ye-o.mp4,4,532
/Datasets/MUSIC/solo_11classes/audio_wav/tuba/HQveyGmUBSs.wav,/Datasets/MUSIC/solo_11classes/visual/tuba/HQveyGmUBSs.mp4,7,1109
/Datasets/MUSIC/solo_11classes/audio_wav/violin/KG-tXicVpsg.wav,/Datasets/MUSIC/solo_11classes/visual/violin/KG-tXicVpsg.mp4,9,1337
/Datasets/MUSIC/solo_11classes/audio_wav/acoustic_guitar/40KRN9rzkpk.wav,/Datasets/MUSIC/solo_11classes/visual/acoustic_guitar/40KRN9rzkpk.mp4,14,2224
/Datasets/MUSIC/solo_11classes/audio_wav/acoustic_guitar/8UirJ7SEBm8.wav,/Datasets/MUSIC/solo_11classes/visual/acoustic_guitar/8UirJ7SEBm8.mp4,13,1927
/Datasets/MUSIC/solo_11classes/audio_wav/flute/QAiwlq3aP2U.wav,/Datasets/MUSIC/solo_11classes/visual/flute/QAiwlq3aP2U.mp4,7,1117
/Datasets/MUSIC/solo_11classes/audio_wav/cello/Rr1UkDkhDlA.wav,/Datasets/MUSIC/solo_11classes/visual/cello/Rr1UkDkhDlA.mp4,8,1258
/Datasets/MUSIC/solo_11classes/audio_wav/flute/E7E1kMExVcg.wav,/Datasets/MUSIC/solo_11classes/visual/flute/E7E1kMExVcg.mp4,5,747
/Datasets/MUSIC/solo_11classes/audio_wav/erhu/REiXxfSu3Fw.wav,/Datasets/MUSIC/solo_11classes/visual/erhu/REiXxfSu3Fw.mp4,8,1182
/Datasets/MUSIC/solo_11classes/audio_wav/acoustic_guitar/MhNjhYrEbrc.wav,/Datasets/MUSIC/solo_11classes/visual/acoustic_guitar/MhNjhYrEbrc.mp4,10,1493
/Datasets/MUSIC/solo_11classes/audio_wav/violin/ZgGEuzLZw2E.wav,/Datasets/MUSIC/solo_11classes/visual/violin/ZgGEuzLZw2E.mp4,5,776
/Datasets/MUSIC/solo_11classes/audio_wav/trumpet/aavW-tx8daw.wav,/Datasets/MUSIC/solo_11classes/visual/trumpet/aavW-tx8daw.mp4,5,707
/Datasets/MUSIC/solo_11classes/audio_wav/violin/X2gQ8Jnk2P8.wav,/Datasets/MUSIC/solo_11classes/visual/violin/X2gQ8Jnk2P8.mp4,7,1053
/Datasets/MUSIC/solo_11classes/audio_wav/violin/9OZHbvWdBbQ.wav,/Datasets/MUSIC/solo_11classes/visual/violin/9OZHbvWdBbQ.mp4,17,2639
/Datasets/MUSIC/solo_11classes/audio_wav/cello/DPSLdZBaQTM.wav,/Datasets/MUSIC/solo_11classes/visual/cello/DPSLdZBaQTM.mp4,11,1742
/Datasets/MUSIC/solo_11classes/audio_wav/violin/6uqTP6obYNM.wav,/Datasets/MUSIC/solo_11classes/visual/violin/6uqTP6obYNM.mp4,3,452
/Datasets/MUSIC/solo_11classes/audio_wav/acoustic_guitar/9EizWhixKCg.wav,/Datasets/MUSIC/solo_11classes/visual/acoustic_guitar/9EizWhixKCg.mp4,18,2744
/Datasets/MUSIC/solo_11classes/audio_wav/acoustic_guitar/A0vpsRipL7c.wav,/Datasets/MUSIC/solo_11classes/visual/acoustic_guitar/A0vpsRipL7c.mp4,15,2273
/Datasets/MUSIC/solo_11classes/audio_wav/tuba/GV2bbRPFhvk.wav,/Datasets/MUSIC/solo_11classes/visual/tuba/GV2bbRPFhvk.mp4,3,330
/Datasets/MUSIC/solo_11classes/audio_wav/xylophone/L_ErwglZCJM.wav,/Datasets/MUSIC/solo_11classes/visual/xylophone/L_ErwglZCJM.mp4,4,538
/Datasets/MUSIC/solo_11classes/audio_wav/acoustic_guitar/HaX5E66eW24.wav,/Datasets/MUSIC/solo_11classes/visual/acoustic_guitar/HaX5E66eW24.mp4,9,1283
/Datasets/MUSIC/solo_11classes/audio_wav/xylophone/No-IJw4uWMw.wav,/Datasets/MUSIC/solo_11classes/visual/xylophone/No-IJw4uWMw.mp4,10,1489
/Datasets/MUSIC/solo_11classes/audio_wav/acoustic_guitar/4TFz7QX5aNg.wav,/Datasets/MUSIC/solo_11classes/visual/acoustic_guitar/4TFz7QX5aNg.mp4,14,2123
/Datasets/MUSIC/solo_11classes/audio_wav/accordion/UYp3dKioAao.wav,/Datasets/MUSIC/solo_11classes/visual/accordion/UYp3dKioAao.mp4,8,1266
/Datasets/MUSIC/solo_11classes/audio_wav/accordion/qBnsIqyXheM.wav,/Datasets/MUSIC/solo_11classes/visual/accordion/qBnsIqyXheM.mp4,11,1688
/Datasets/MUSIC/solo_11classes/audio_wav/erhu/AOAE4euXbEc.wav,/Datasets/MUSIC/solo_11classes/visual/erhu/AOAE4euXbEc.mp4,8,1217
/Datasets/MUSIC/solo_11classes/audio_wav/clarinet/JnAAzR4XZ-I.wav,/Datasets/MUSIC/solo_11classes/visual/clarinet/JnAAzR4XZ-I.mp4,3,357
/Datasets/MUSIC/solo_11classes/audio_wav/cello/QeravklOaAg.wav,/Datasets/MUSIC/solo_11classes/visual/cello/QeravklOaAg.mp4,12,1821
/Datasets/MUSIC/solo_11classes/audio_wav/cello/19CdPaHrVPQ.wav,/Datasets/MUSIC/solo_11classes/visual/cello/19CdPaHrVPQ.mp4,10,1475
/Datasets/MUSIC/solo_11classes/audio_wav/accordion/Dcp8AuzTG-w.wav,/Datasets/MUSIC/solo_11classes/visual/accordion/Dcp8AuzTG-w.mp4,8,1248
/Datasets/MUSIC/solo_11classes/audio_wav/cello/D1DjJqqK5Rw.wav,/Datasets/MUSIC/solo_11classes/visual/cello/D1DjJqqK5Rw.mp4,12,1912
/Datasets/MUSIC/solo_11classes/audio_wav/acoustic_guitar/YwDABKyGY_g.wav,/Datasets/MUSIC/solo_11classes/visual/acoustic_guitar/YwDABKyGY_g.mp4,5,737
/Datasets/MUSIC/solo_11classes/audio_wav/acoustic_guitar/PY3pK0Guf2Y.wav,/Datasets/MUSIC/solo_11classes/visual/acoustic_guitar/PY3pK0Guf2Y.mp4,4,605
/Datasets/MUSIC/solo_11classes/audio_wav/cello/I0LedcEaPL0.wav,/Datasets/MUSIC/solo_11classes/visual/cello/I0LedcEaPL0.mp4,10,1460
/Datasets/MUSIC/solo_11classes/audio_wav/acoustic_guitar/PDohhCaNf98.wav,/Datasets/MUSIC/solo_11classes/visual/acoustic_guitar/PDohhCaNf98.mp4,12,1828
/Datasets/MUSIC/solo_11classes/audio_wav/accordion/UKk9DJD1jOo.wav,/Datasets/MUSIC/solo_11classes/visual/accordion/UKk9DJD1jOo.mp4,8,1180
/Datasets/MUSIC/solo_11classes/audio_wav/erhu/-SzFwDekTGo.wav,/Datasets/MUSIC/solo_11classes/visual/erhu/-SzFwDekTGo.mp4,9,1354
/Datasets/MUSIC/solo_11classes/audio_wav/violin/9kwbEUqCNbU.wav,/Datasets/MUSIC/solo_11classes/visual/violin/9kwbEUqCNbU.mp4,7,1002
/Datasets/MUSIC/solo_11classes/audio_wav/acoustic_guitar/86hnEemgPPw.wav,/Datasets/MUSIC/solo_11classes/visual/acoustic_guitar/86hnEemgPPw.mp4,11,1698
/Datasets/MUSIC/solo_11classes/audio_wav/flute/BhXj3rVWGZ0.wav,/Datasets/MUSIC/solo_11classes/visual/flute/BhXj3rVWGZ0.mp4,8,1146
/Datasets/MUSIC/solo_11classes/audio_wav/violin/pQ9IiR2pFQY.wav,/Datasets/MUSIC/solo_11classes/visual/violin/pQ9IiR2pFQY.mp4,81,12811
/Datasets/MUSIC/solo_11classes/audio_wav/accordion/ADxyFxpe1ls.wav,/Datasets/MUSIC/solo_11classes/visual/accordion/ADxyFxpe1ls.mp4,11,1732
/Datasets/MUSIC/solo_11classes/audio_wav/erhu/SVZNEDEIK48.wav,/Datasets/MUSIC/solo_11classes/visual/erhu/SVZNEDEIK48.mp4,4,592
/Datasets/MUSIC/solo_11classes/audio_wav/erhu/PFX2WTY9gWI.wav,/Datasets/MUSIC/solo_11classes/visual/erhu/PFX2WTY9gWI.mp4,6,890
/Datasets/MUSIC/solo_11classes/audio_wav/acoustic_guitar/ZvLT_J9Uv4o.wav,/Datasets/MUSIC/solo_11classes/visual/acoustic_guitar/ZvLT_J9Uv4o.mp4,4,525
/Datasets/MUSIC/solo_11classes/audio_wav/clarinet/aTYc-hHt4us.wav,/Datasets/MUSIC/solo_11classes/visual/clarinet/aTYc-hHt4us.mp4,6,827
/Datasets/MUSIC/solo_11classes/audio_wav/cello/-3V-vUMkHqk.wav,/Datasets/MUSIC/solo_11classes/visual/cello/-3V-vUMkHqk.mp4,2,171
/Datasets/MUSIC/solo_11classes/audio_wav/accordion/Y5EwbTgIswk.wav,/Datasets/MUSIC/solo_11classes/visual/accordion/Y5EwbTgIswk.mp4,11,1622
/Datasets/MUSIC/solo_11classes/audio_wav/saxophone/uPkGEtn5jxE.wav,/Datasets/MUSIC/solo_11classes/visual/saxophone/uPkGEtn5jxE.mp4,10,1496
/Datasets/MUSIC/solo_11classes/audio_wav/clarinet/D6YQ6WwWZrk.wav,/Datasets/MUSIC/solo_11classes/visual/clarinet/D6YQ6WwWZrk.mp4,5,687
/Datasets/MUSIC/solo_11classes/audio_wav/cello/NhkPpOvrtz0.wav,/Datasets/MUSIC/solo_11classes/visual/cello/NhkPpOvrtz0.mp4,8,1170
/Datasets/MUSIC/solo_11classes/audio_wav/tuba/Xm5a8vCHlFw.wav,/Datasets/MUSIC/solo_11classes/visual/tuba/Xm5a8vCHlFw.mp4,3,451
/Datasets/MUSIC/solo_11classes/audio_wav/cello/Lq3671NhNZk.wav,/Datasets/MUSIC/solo_11classes/visual/cello/Lq3671NhNZk.mp4,8,1257
/Datasets/MUSIC/solo_11classes/audio_wav/acoustic_guitar/ZeQPNWdFs_4.wav,/Datasets/MUSIC/solo_11classes/visual/acoustic_guitar/ZeQPNWdFs_4.mp4,11,1686
/Datasets/MUSIC/solo_11classes/audio_wav/xylophone/lJfi82vd9eI.wav,/Datasets/MUSIC/solo_11classes/visual/xylophone/lJfi82vd9eI.mp4,12,1874
/Datasets/MUSIC/solo_11classes/audio_wav/tuba/LUZf782HzNo.wav,/Datasets/MUSIC/solo_11classes/visual/tuba/LUZf782HzNo.mp4,9,1292
/Datasets/MUSIC/solo_11classes/audio_wav/cello/R6M2LLmUg1k.wav,/Datasets/MUSIC/solo_11classes/visual/cello/R6M2LLmUg1k.mp4,6,894
/Datasets/MUSIC/solo_11classes/audio_wav/acoustic_guitar/S2IWw6z-cfc.wav,/Datasets/MUSIC/solo_11classes/visual/acoustic_guitar/S2IWw6z-cfc.mp4,11,1637
/Datasets/MUSIC/solo_11classes/audio_wav/tuba/4AsWvRTLPWI.wav,/Datasets/MUSIC/solo_11classes/visual/tuba/4AsWvRTLPWI.mp4,2,300
/Datasets/MUSIC/solo_11classes/audio_wav/violin/10RkjPIguAY.wav,/Datasets/MUSIC/solo_11classes/visual/violin/10RkjPIguAY.mp4,8,1126
/Datasets/MUSIC/solo_11classes/audio_wav/violin/MfzC4e3nD4I.wav,/Datasets/MUSIC/solo_11classes/visual/violin/MfzC4e3nD4I.mp4,9,1394
/Datasets/MUSIC/solo_11classes/audio_wav/trumpet/EwG7o3SS-r0.wav,/Datasets/MUSIC/solo_11classes/visual/trumpet/EwG7o3SS-r0.mp4,5,716
/Datasets/MUSIC/solo_11classes/audio_wav/tuba/ASUUqMvTdjg.wav,/Datasets/MUSIC/solo_11classes/visual/tuba/ASUUqMvTdjg.mp4,2,316
/Datasets/MUSIC/solo_11classes/audio_wav/clarinet/5HNlS9UFELE.wav,/Datasets/MUSIC/solo_11classes/visual/clarinet/5HNlS9UFELE.mp4,3,351
/Datasets/MUSIC/solo_11classes/audio_wav/saxophone/EIpvnh0otts.wav,/Datasets/MUSIC/solo_11classes/visual/saxophone/EIpvnh0otts.mp4,8,1206
/Datasets/MUSIC/solo_11classes/audio_wav/accordion/Oytzh19NE6w.wav,/Datasets/MUSIC/solo_11classes/visual/accordion/Oytzh19NE6w.mp4,9,1430
/Datasets/MUSIC/solo_11classes/audio_wav/acoustic_guitar/MVZGmcXU2D8.wav,/Datasets/MUSIC/solo_11classes/visual/acoustic_guitar/MVZGmcXU2D8.mp4,11,1646
/Datasets/MUSIC/solo_11classes/audio_wav/flute/cZoWhKTZTYY.wav,/Datasets/MUSIC/solo_11classes/visual/flute/cZoWhKTZTYY.mp4,3,472
/Datasets/MUSIC/solo_11classes/audio_wav/accordion/7C-udYVfjoY.wav,/Datasets/MUSIC/solo_11classes/visual/accordion/7C-udYVfjoY.mp4,7,1040
/Datasets/MUSIC/solo_11classes/audio_wav/acoustic_guitar/72yB-xyIcGI.wav,/Datasets/MUSIC/solo_11classes/visual/acoustic_guitar/72yB-xyIcGI.mp4,12,1784
/Datasets/MUSIC/solo_11classes/audio_wav/flute/uJnD0NCyJoc.wav,/Datasets/MUSIC/solo_11classes/visual/flute/uJnD0NCyJoc.mp4,11,1679
/Datasets/MUSIC/solo_11classes/audio_wav/violin/NIEqzh0dvow.wav,/Datasets/MUSIC/solo_11classes/visual/violin/NIEqzh0dvow.mp4,12,1785
/Datasets/MUSIC/solo_11classes/audio_wav/accordion/Q-Jkk6mJ8AI.wav,/Datasets/MUSIC/solo_11classes/visual/accordion/Q-Jkk6mJ8AI.mp4,6,820
/Datasets/MUSIC/solo_11classes/audio_wav/violin/nyOkMXal0yA.wav,/Datasets/MUSIC/solo_11classes/visual/violin/nyOkMXal0yA.mp4,9,1391
/Datasets/MUSIC/solo_11classes/audio_wav/saxophone/R700Q9DEUEk.wav,/Datasets/MUSIC/solo_11classes/visual/saxophone/R700Q9DEUEk.mp4,5,724
/Datasets/MUSIC/solo_11classes/audio_wav/saxophone/x5Bzb6R73JQ.wav,/Datasets/MUSIC/solo_11classes/visual/saxophone/x5Bzb6R73JQ.mp4,5,682
/Datasets/MUSIC/solo_11classes/audio_wav/acoustic_guitar/PA8DVnECfh0.wav,/Datasets/MUSIC/solo_11classes/visual/acoustic_guitar/PA8DVnECfh0.mp4,10,1510
/Datasets/MUSIC/solo_11classes/audio_wav/clarinet/cEhrpbRf-DY.wav,/Datasets/MUSIC/solo_11classes/visual/clarinet/cEhrpbRf-DY.mp4,4,610
/Datasets/MUSIC/solo_11classes/audio_wav/saxophone/9XoXQXCVUQY.wav,/Datasets/MUSIC/solo_11classes/visual/saxophone/9XoXQXCVUQY.mp4,4,506
/Datasets/MUSIC/solo_11classes/audio_wav/cello/IlDWk-x6Cag.wav,/Datasets/MUSIC/solo_11classes/visual/cello/IlDWk-x6Cag.mp4,4,542
/Datasets/MUSIC/solo_11classes/audio_wav/erhu/ZMM_u1Bk0SI.wav,/Datasets/MUSIC/solo_11classes/visual/erhu/ZMM_u1Bk0SI.mp4,4,542
/Datasets/MUSIC/solo_11classes/audio_wav/flute/qb-ttddKLYo.wav,/Datasets/MUSIC/solo_11classes/visual/flute/qb-ttddKLYo.mp4,2,170
/Datasets/MUSIC/solo_11classes/audio_wav/accordion/9tiymgwLnKE.wav,/Datasets/MUSIC/solo_11classes/visual/accordion/9tiymgwLnKE.mp4,7,1112
/Datasets/MUSIC/solo_11classes/audio_wav/xylophone/9fOU26yd0Pw.wav,/Datasets/MUSIC/solo_11classes/visual/xylophone/9fOU26yd0Pw.mp4,5,770
/Datasets/MUSIC/solo_11classes/audio_wav/clarinet/aZjtE82spMA.wav,/Datasets/MUSIC/solo_11classes/visual/clarinet/aZjtE82spMA.mp4,3,422
/Datasets/MUSIC/solo_11classes/audio_wav/accordion/qMFYRw0uZ_E.wav,/Datasets/MUSIC/solo_11classes/visual/accordion/qMFYRw0uZ_E.mp4,12,1777
/Datasets/MUSIC/solo_11classes/audio_wav/clarinet/DS500VD8YDg.wav,/Datasets/MUSIC/solo_11classes/visual/clarinet/DS500VD8YDg.mp4,11,1650
/Datasets/MUSIC/solo_11classes/audio_wav/acoustic_guitar/9f7XNFTs0oc.wav,/Datasets/MUSIC/solo_11classes/visual/acoustic_guitar/9f7XNFTs0oc.mp4,15,2313
/Datasets/MUSIC/solo_11classes/audio_wav/clarinet/W9ZICrM6V-s.wav,/Datasets/MUSIC/solo_11classes/visual/clarinet/W9ZICrM6V-s.mp4,3,365
/Datasets/MUSIC/solo_11classes/audio_wav/violin/BQq0jYGyyuo.wav,/Datasets/MUSIC/solo_11classes/visual/violin/BQq0jYGyyuo.mp4,9,1296
/Datasets/MUSIC/solo_11classes/audio_wav/violin/K1LRscO7TSw.wav,/Datasets/MUSIC/solo_11classes/visual/violin/K1LRscO7TSw.mp4,10,1565
/Datasets/MUSIC/solo_11classes/audio_wav/erhu/HGqEtp1wpyc.wav,/Datasets/MUSIC/solo_11classes/visual/erhu/HGqEtp1wpyc.mp4,7,1097
/Datasets/MUSIC/solo_11classes/audio_wav/violin/MeAWoVYCPL8.wav,/Datasets/MUSIC/solo_11classes/visual/violin/MeAWoVYCPL8.mp4,11,1743
/Datasets/MUSIC/solo_11classes/audio_wav/cello/3N1KAaBJkwU.wav,/Datasets/MUSIC/solo_11classes/visual/cello/3N1KAaBJkwU.mp4,5,647
/Datasets/MUSIC/solo_11classes/audio_wav/tuba/VA1EolcDwZI.wav,/Datasets/MUSIC/solo_11classes/visual/tuba/VA1EolcDwZI.mp4,4,634
/Datasets/MUSIC/solo_11classes/audio_wav/flute/UZK_2bTuzrI.wav,/Datasets/MUSIC/solo_11classes/visual/flute/UZK_2bTuzrI.mp4,2,300
/Datasets/MUSIC/solo_11classes/audio_wav/trumpet/qsciXAjiwF0.wav,/Datasets/MUSIC/solo_11classes/visual/trumpet/qsciXAjiwF0.mp4,4,523
/Datasets/MUSIC/solo_11classes/audio_wav/xylophone/NdzCe7COROw.wav,/Datasets/MUSIC/solo_11classes/visual/xylophone/NdzCe7COROw.mp4,12,1762
/Datasets/MUSIC/solo_11classes/audio_wav/accordion/1LnKd5cuqIc.wav,/Datasets/MUSIC/solo_11classes/visual/accordion/1LnKd5cuqIc.mp4,8,1245
/Datasets/MUSIC/solo_11classes/audio_wav/acoustic_guitar/RgB3wzNVZyY.wav,/Datasets/MUSIC/solo_11classes/visual/acoustic_guitar/RgB3wzNVZyY.mp4,5,799
/Datasets/MUSIC/solo_11classes/audio_wav/erhu/C7K9dQHlViM.wav,/Datasets/MUSIC/solo_11classes/visual/erhu/C7K9dQHlViM.mp4,8,1131
/Datasets/MUSIC/solo_11classes/audio_wav/flute/MvPqp3oZwOk.wav,/Datasets/MUSIC/solo_11classes/visual/flute/MvPqp3oZwOk.mp4,4,542
/Datasets/MUSIC/solo_11classes/audio_wav/tuba/C952gmBlkIU.wav,/Datasets/MUSIC/solo_11classes/visual/tuba/C952gmBlkIU.mp4,8,1240
/Datasets/MUSIC/solo_11classes/audio_wav/violin/kXB2EMfU7Ho.wav,/Datasets/MUSIC/solo_11classes/visual/violin/kXB2EMfU7Ho.mp4,4,509
/Datasets/MUSIC/solo_11classes/audio_wav/violin/41b8GUEx-OM.wav,/Datasets/MUSIC/solo_11classes/visual/violin/41b8GUEx-OM.mp4,7,1082
/Datasets/MUSIC/solo_11classes/audio_wav/violin/w81p5ty4OZc.wav,/Datasets/MUSIC/solo_11classes/visual/violin/w81p5ty4OZc.mp4,7,1035
/Datasets/MUSIC/solo_11classes/audio_wav/trumpet/rZYf9Dl8ew0.wav,/Datasets/MUSIC/solo_11classes/visual/trumpet/rZYf9Dl8ew0.mp4,3,410
/Datasets/MUSIC/solo_11classes/audio_wav/erhu/TWrh_c9YRp8.wav,/Datasets/MUSIC/solo_11classes/visual/erhu/TWrh_c9YRp8.mp4,8,1124
/Datasets/MUSIC/solo_11classes/audio_wav/acoustic_guitar/1XfdURNeY6s.wav,/Datasets/MUSIC/solo_11classes/visual/acoustic_guitar/1XfdURNeY6s.mp4,11,1652
/Datasets/MUSIC/solo_11classes/audio_wav/cello/CSKOEhh5nBk.wav,/Datasets/MUSIC/solo_11classes/visual/cello/CSKOEhh5nBk.mp4,9,1417
/Datasets/MUSIC/solo_11classes/audio_wav/cello/9xj3e5A8XwE.wav,/Datasets/MUSIC/solo_11classes/visual/cello/9xj3e5A8XwE.mp4,10,1528
/Datasets/MUSIC/solo_11classes/audio_wav/violin/-L5Bo-mWKCI.wav,/Datasets/MUSIC/solo_11classes/visual/violin/-L5Bo-mWKCI.mp4,3,386
/Datasets/MUSIC/solo_11classes/audio_wav/acoustic_guitar/Pzf9MQKkoNM.wav,/Datasets/MUSIC/solo_11classes/visual/acoustic_guitar/Pzf9MQKkoNM.mp4,7,1111
/Datasets/MUSIC/solo_11classes/audio_wav/tuba/NDVxjRCWjYU.wav,/Datasets/MUSIC/solo_11classes/visual/tuba/NDVxjRCWjYU.mp4,11,1667
/Datasets/MUSIC/solo_11classes/audio_wav/accordion/cp_0VICDDSc.wav,/Datasets/MUSIC/solo_11classes/visual/accordion/cp_0VICDDSc.mp4,7,1096
/Datasets/MUSIC/solo_11classes/audio_wav/tuba/W9VsprvJQAM.wav,/Datasets/MUSIC/solo_11classes/visual/tuba/W9VsprvJQAM.mp4,6,830
/Datasets/MUSIC/solo_11classes/audio_wav/tuba/Gufj4Jhk92I.wav,/Datasets/MUSIC/solo_11classes/visual/tuba/Gufj4Jhk92I.mp4,4,533
/Datasets/MUSIC/solo_11classes/audio_wav/cello/WVeheJFHQS4.wav,/Datasets/MUSIC/solo_11classes/visual/cello/WVeheJFHQS4.mp4,11,1663
/Datasets/MUSIC/solo_11classes/audio_wav/trumpet/ds0ayqYweAc.wav,/Datasets/MUSIC/solo_11classes/visual/trumpet/ds0ayqYweAc.mp4,2,265
/Datasets/MUSIC/solo_11classes/audio_wav/acoustic_guitar/An1z4o0l68c.wav,/Datasets/MUSIC/solo_11classes/visual/acoustic_guitar/An1z4o0l68c.mp4,17,2582
/Datasets/MUSIC/solo_11classes/audio_wav/accordion/E6jlrR-M3tk.wav,/Datasets/MUSIC/solo_11classes/visual/accordion/E6jlrR-M3tk.mp4,8,1211
/Datasets/MUSIC/solo_11classes/audio_wav/violin/Sw04q5d7d2Q.wav,/Datasets/MUSIC/solo_11classes/visual/violin/Sw04q5d7d2Q.mp4,12,1815
/Datasets/MUSIC/solo_11classes/audio_wav/tuba/6pkShdDe9LU.wav,/Datasets/MUSIC/solo_11classes/visual/tuba/6pkShdDe9LU.mp4,2,168
/Datasets/MUSIC/solo_11classes/audio_wav/tuba/ZtVxXYObmOQ.wav,/Datasets/MUSIC/solo_11classes/visual/tuba/ZtVxXYObmOQ.mp4,11,1709
/Datasets/MUSIC/solo_11classes/audio_wav/cello/SyToSKUxgKs.wav,/Datasets/MUSIC/solo_11classes/visual/cello/SyToSKUxgKs.mp4,9,1370
/Datasets/MUSIC/solo_11classes/audio_wav/xylophone/qLLwSb9YX5g.wav,/Datasets/MUSIC/solo_11classes/visual/xylophone/qLLwSb9YX5g.mp4,2,261
/Datasets/MUSIC/solo_11classes/audio_wav/violin/2ZxAVUsuE4Y.wav,/Datasets/MUSIC/solo_11classes/visual/violin/2ZxAVUsuE4Y.mp4,5,753
/Datasets/MUSIC/solo_11classes/audio_wav/acoustic_guitar/26HLgXWF-Co.wav,/Datasets/MUSIC/solo_11classes/visual/acoustic_guitar/26HLgXWF-Co.mp4,8,1265
/Datasets/MUSIC/solo_11classes/audio_wav/cello/PCicM6i59_I.wav,/Datasets/MUSIC/solo_11classes/visual/cello/PCicM6i59_I.mp4,9,1325
/Datasets/MUSIC/solo_11classes/audio_wav/clarinet/5ESDEU04WSQ.wav,/Datasets/MUSIC/solo_11classes/visual/clarinet/5ESDEU04WSQ.mp4,10,1458
/Datasets/MUSIC/solo_11classes/audio_wav/erhu/HOUBn-wHcwQ.wav,/Datasets/MUSIC/solo_11classes/visual/erhu/HOUBn-wHcwQ.mp4,7,1087
/Datasets/MUSIC/solo_11classes/audio_wav/accordion/s1hBC8N4-Zo.wav,/Datasets/MUSIC/solo_11classes/visual/accordion/s1hBC8N4-Zo.mp4,8,1229
/Datasets/MUSIC/solo_11classes/audio_wav/violin/WjwOm5pJlI0.wav,/Datasets/MUSIC/solo_11classes/visual/violin/WjwOm5pJlI0.mp4,6,811
/Datasets/MUSIC/solo_11classes/audio_wav/erhu/BB6a5BPpbFs.wav,/Datasets/MUSIC/solo_11classes/visual/erhu/BB6a5BPpbFs.mp4,9,1422
/Datasets/MUSIC/solo_11classes/audio_wav/violin/rg41DcQAwWI.wav,/Datasets/MUSIC/solo_11classes/visual/violin/rg41DcQAwWI.mp4,7,1043
/Datasets/MUSIC/solo_11classes/audio_wav/erhu/CtrTfd8foxA.wav,/Datasets/MUSIC/solo_11classes/visual/erhu/CtrTfd8foxA.mp4,3,454
/Datasets/MUSIC/solo_11classes/audio_wav/flute/tAuYNf2hqHU.wav,/Datasets/MUSIC/solo_11classes/visual/flute/tAuYNf2hqHU.mp4,6,812
/Datasets/MUSIC/solo_11classes/audio_wav/trumpet/ufsSRKgUb6g.wav,/Datasets/MUSIC/solo_11classes/visual/trumpet/ufsSRKgUb6g.mp4,2,182
/Datasets/MUSIC/solo_11classes/audio_wav/trumpet/S1iKARDRvX4.wav,/Datasets/MUSIC/solo_11classes/visual/trumpet/S1iKARDRvX4.mp4,2,176
/Datasets/MUSIC/solo_11classes/audio_wav/tuba/C3s60zFIPTs.wav,/Datasets/MUSIC/solo_11classes/visual/tuba/C3s60zFIPTs.mp4,9,1336
/Datasets/MUSIC/solo_11classes/audio_wav/erhu/V9rjOI5YEDE.wav,/Datasets/MUSIC/solo_11classes/visual/erhu/V9rjOI5YEDE.mp4,6,954
/Datasets/MUSIC/solo_11classes/audio_wav/acoustic_guitar/1i8XHo25_KU.wav,/Datasets/MUSIC/solo_11classes/visual/acoustic_guitar/1i8XHo25_KU.mp4,13,2019
/Datasets/MUSIC/solo_11classes/audio_wav/saxophone/QOYMhOXfGMw.wav,/Datasets/MUSIC/solo_11classes/visual/saxophone/QOYMhOXfGMw.mp4,10,1506
/Datasets/MUSIC/solo_11classes/audio_wav/accordion/PohzBumrY2Q.wav,/Datasets/MUSIC/solo_11classes/visual/accordion/PohzBumrY2Q.mp4,11,1608
/Datasets/MUSIC/solo_11classes/audio_wav/violin/nMYw1bi81Dg.wav,/Datasets/MUSIC/solo_11classes/visual/violin/nMYw1bi81Dg.mp4,7,1038
/Datasets/MUSIC/solo_11classes/audio_wav/trumpet/UFNc_74au6A.wav,/Datasets/MUSIC/solo_11classes/visual/trumpet/UFNc_74au6A.mp4,4,549
/Datasets/MUSIC/solo_11classes/audio_wav/xylophone/lVpWbUIW0gY.wav,/Datasets/MUSIC/solo_11classes/visual/xylophone/lVpWbUIW0gY.mp4,5,768
/Datasets/MUSIC/solo_11classes/audio_wav/erhu/EtrYq3j7src.wav,/Datasets/MUSIC/solo_11classes/visual/erhu/EtrYq3j7src.mp4,6,906
/Datasets/MUSIC/solo_11classes/audio_wav/clarinet/cZ9-NYYmhXw.wav,/Datasets/MUSIC/solo_11classes/visual/clarinet/cZ9-NYYmhXw.mp4,9,1438
/Datasets/MUSIC/solo_11classes/audio_wav/xylophone/PF9PrzmkR2Q.wav,/Datasets/MUSIC/solo_11classes/visual/xylophone/PF9PrzmkR2Q.mp4,5,693
/Datasets/MUSIC/solo_11classes/audio_wav/cello/FntHqAlD1S0.wav,/Datasets/MUSIC/solo_11classes/visual/cello/FntHqAlD1S0.mp4,7,1115
/Datasets/MUSIC/solo_11classes/audio_wav/violin/h-58UapA8gY.wav,/Datasets/MUSIC/solo_11classes/visual/violin/h-58UapA8gY.mp4,2,286
/Datasets/MUSIC/solo_11classes/audio_wav/acoustic_guitar/1OsOEt5Qpfc.wav,/Datasets/MUSIC/solo_11classes/visual/acoustic_guitar/1OsOEt5Qpfc.mp4,8,1251
/Datasets/MUSIC/solo_11classes/audio_wav/clarinet/IFEP8Z5Qos0.wav,/Datasets/MUSIC/solo_11classes/visual/clarinet/IFEP8Z5Qos0.mp4,2,210
/Datasets/MUSIC/solo_11classes/audio_wav/acoustic_guitar/3AuhKu5mlqM.wav,/Datasets/MUSIC/solo_11classes/visual/acoustic_guitar/3AuhKu5mlqM.mp4,15,2336
/Datasets/MUSIC/solo_11classes/audio_wav/cello/FcO9w1mYEEs.wav,/Datasets/MUSIC/solo_11classes/visual/cello/FcO9w1mYEEs.mp4,11,1648
/Datasets/MUSIC/solo_11classes/audio_wav/flute/SAN5JBTnlas.wav,/Datasets/MUSIC/solo_11classes/visual/flute/SAN5JBTnlas.mp4,3,453
/Datasets/MUSIC/solo_11classes/audio_wav/xylophone/Lp9rAMPaqLQ.wav,/Datasets/MUSIC/solo_11classes/visual/xylophone/Lp9rAMPaqLQ.mp4,11,1736
/Datasets/MUSIC/solo_11classes/audio_wav/violin/VuDxLNdxl6I.wav,/Datasets/MUSIC/solo_11classes/visual/violin/VuDxLNdxl6I.mp4,12,1830
/Datasets/MUSIC/solo_11classes/audio_wav/xylophone/QoFHDWgxD9w.wav,/Datasets/MUSIC/solo_11classes/visual/xylophone/QoFHDWgxD9w.mp4,9,1301
/Datasets/MUSIC/solo_11classes/audio_wav/xylophone/-XAsXmbExkE.wav,/Datasets/MUSIC/solo_11classes/visual/xylophone/-XAsXmbExkE.mp4,7,1046
/Datasets/MUSIC/solo_11classes/audio_wav/xylophone/Sw8346DYwME.wav,/Datasets/MUSIC/solo_11classes/visual/xylophone/Sw8346DYwME.mp4,4,543
/Datasets/MUSIC/solo_11classes/audio_wav/flute/XlPvAkLT3Yw.wav,/Datasets/MUSIC/solo_11classes/visual/flute/XlPvAkLT3Yw.mp4,11,1635
/Datasets/MUSIC/solo_11classes/audio_wav/tuba/2tG4y_uyEAY.wav,/Datasets/MUSIC/solo_11classes/visual/tuba/2tG4y_uyEAY.mp4,4,514
/Datasets/MUSIC/solo_11classes/audio_wav/trumpet/889Kxn_RYzo.wav,/Datasets/MUSIC/solo_11classes/visual/trumpet/889Kxn_RYzo.mp4,2,195
/Datasets/MUSIC/solo_11classes/audio_wav/violin/lp4_79ooAQo.wav,/Datasets/MUSIC/solo_11classes/visual/violin/lp4_79ooAQo.mp4,5,768
/Datasets/MUSIC/solo_11classes/audio_wav/accordion/7G6QVPCHv6Q.wav,/Datasets/MUSIC/solo_11classes/visual/accordion/7G6QVPCHv6Q.mp4,9,1414
/Datasets/MUSIC/solo_11classes/audio_wav/flute/9L4BvIDqhm8.wav,/Datasets/MUSIC/solo_11classes/visual/flute/9L4BvIDqhm8.mp4,6,847
/Datasets/MUSIC/solo_11classes/audio_wav/erhu/AlYZ7nWkzcQ.wav,/Datasets/MUSIC/solo_11classes/visual/erhu/AlYZ7nWkzcQ.mp4,3,344
/Datasets/MUSIC/solo_11classes/audio_wav/flute/oEb2mlij38w.wav,/Datasets/MUSIC/solo_11classes/visual/flute/oEb2mlij38w.mp4,3,338
/Datasets/MUSIC/solo_11classes/audio_wav/cello/Mh2tJbJiWQQ.wav,/Datasets/MUSIC/solo_11classes/visual/cello/Mh2tJbJiWQQ.mp4,10,1473
/Datasets/MUSIC/solo_11classes/audio_wav/acoustic_guitar/7SPnwtQkUb4.wav,/Datasets/MUSIC/solo_11classes/visual/acoustic_guitar/7SPnwtQkUb4.mp4,12,1831
/Datasets/MUSIC/solo_11classes/audio_wav/cello/VdFnyZWJAgo.wav,/Datasets/MUSIC/solo_11classes/visual/cello/VdFnyZWJAgo.mp4,11,1745
/Datasets/MUSIC/solo_11classes/audio_wav/accordion/4jGq3kfsJpg.wav,/Datasets/MUSIC/solo_11classes/visual/accordion/4jGq3kfsJpg.mp4,3,471
/Datasets/MUSIC/solo_11classes/audio_wav/violin/XlvlHfWjKx4.wav,/Datasets/MUSIC/solo_11classes/visual/violin/XlvlHfWjKx4.mp4,9,1344
/Datasets/MUSIC/solo_11classes/audio_wav/accordion/YhwsPeOGnGg.wav,/Datasets/MUSIC/solo_11classes/visual/accordion/YhwsPeOGnGg.mp4,6,935
/Datasets/MUSIC/solo_11classes/audio_wav/acoustic_guitar/8rcClHLysvU.wav,/Datasets/MUSIC/solo_11classes/visual/acoustic_guitar/8rcClHLysvU.mp4,8,1227
/Datasets/MUSIC/solo_11classes/audio_wav/trumpet/8jxZMGYbQIw.wav,/Datasets/MUSIC/solo_11classes/visual/trumpet/8jxZMGYbQIw.mp4,4,620
/Datasets/MUSIC/solo_11classes/audio_wav/clarinet/LPqBkF5NVSQ.wav,/Datasets/MUSIC/solo_11classes/visual/clarinet/LPqBkF5NVSQ.mp4,7,1080
/Datasets/MUSIC/solo_11classes/audio_wav/xylophone/c-Yr5qyCefA.wav,/Datasets/MUSIC/solo_11classes/visual/xylophone/c-Yr5qyCefA.mp4,8,1224
/Datasets/MUSIC/solo_11classes/audio_wav/erhu/DlqCn_xrNRU.wav,/Datasets/MUSIC/solo_11classes/visual/erhu/DlqCn_xrNRU.mp4,5,795
/Datasets/MUSIC/solo_11classes/audio_wav/clarinet/EXKxvMVayRk.wav,/Datasets/MUSIC/solo_11classes/visual/clarinet/EXKxvMVayRk.mp4,5,742
/Datasets/MUSIC/solo_11classes/audio_wav/tuba/35TPV7_D7do.wav,/Datasets/MUSIC/solo_11classes/visual/tuba/35TPV7_D7do.mp4,2,206
/Datasets/MUSIC/solo_11classes/audio_wav/erhu/P_dHPMofcwM.wav,/Datasets/MUSIC/solo_11classes/visual/erhu/P_dHPMofcwM.mp4,5,673
/Datasets/MUSIC/solo_11classes/audio_wav/cello/I--nizkVQzE.wav,/Datasets/MUSIC/solo_11classes/visual/cello/I--nizkVQzE.mp4,6,812
/Datasets/MUSIC/solo_11classes/audio_wav/accordion/t_3Zm1PbydA.wav,/Datasets/MUSIC/solo_11classes/visual/accordion/t_3Zm1PbydA.mp4,12,1875
/Datasets/MUSIC/solo_11classes/audio_wav/erhu/I5IYfx7ontI.wav,/Datasets/MUSIC/solo_11classes/visual/erhu/I5IYfx7ontI.mp4,9,1389
/Datasets/MUSIC/solo_11classes/audio_wav/clarinet/eIqVZuyPu2U.wav,/Datasets/MUSIC/solo_11classes/visual/clarinet/eIqVZuyPu2U.mp4,3,480
/Datasets/MUSIC/solo_11classes/audio_wav/tuba/GPh_9jtWub8.wav,/Datasets/MUSIC/solo_11classes/visual/tuba/GPh_9jtWub8.mp4,4,569
/Datasets/MUSIC/solo_11classes/audio_wav/xylophone/XmjMGVv3TLk.wav,/Datasets/MUSIC/solo_11classes/visual/xylophone/XmjMGVv3TLk.mp4,6,880
/Datasets/MUSIC/solo_11classes/audio_wav/flute/wEzEcfz1QS0.wav,/Datasets/MUSIC/solo_11classes/visual/flute/wEzEcfz1QS0.mp4,9,1338
/Datasets/MUSIC/solo_11classes/audio_wav/violin/HHaApvpQVdQ.wav,/Datasets/MUSIC/solo_11classes/visual/violin/HHaApvpQVdQ.mp4,11,1690
/Datasets/MUSIC/solo_11classes/audio_wav/accordion/bq5utI8KK_8.wav,/Datasets/MUSIC/solo_11classes/visual/accordion/bq5utI8KK_8.mp4,6,868
/Datasets/MUSIC/solo_11classes/audio_wav/trumpet/PYjwNew61XQ.wav,/Datasets/MUSIC/solo_11classes/visual/trumpet/PYjwNew61XQ.mp4,6,930
/Datasets/MUSIC/solo_11classes/audio_wav/erhu/8rb-thew50c.wav,/Datasets/MUSIC/solo_11classes/visual/erhu/8rb-thew50c.mp4,4,639
/Datasets/MUSIC/solo_11classes/audio_wav/acoustic_guitar/9bEbuj4Qb3I.wav,/Datasets/MUSIC/solo_11classes/visual/acoustic_guitar/9bEbuj4Qb3I.mp4,5,696
/Datasets/MUSIC/solo_11classes/audio_wav/xylophone/Jd5heRezP5s.wav,/Datasets/MUSIC/solo_11classes/visual/xylophone/Jd5heRezP5s.mp4,6,896
/Datasets/MUSIC/solo_11classes/audio_wav/acoustic_guitar/1TBxNBIUx3o.wav,/Datasets/MUSIC/solo_11classes/visual/acoustic_guitar/1TBxNBIUx3o.mp4,7,993
/Datasets/MUSIC/solo_11classes/audio_wav/flute/3-zT9mN8Lio.wav,/Datasets/MUSIC/solo_11classes/visual/flute/3-zT9mN8Lio.mp4,4,507
/Datasets/MUSIC/solo_11classes/audio_wav/erhu/37HdHAzJrOQ.wav,/Datasets/MUSIC/solo_11classes/visual/erhu/37HdHAzJrOQ.mp4,9,1310
/Datasets/MUSIC/solo_11classes/audio_wav/flute/Wt40rzyGSBs.wav,/Datasets/MUSIC/solo_11classes/visual/flute/Wt40rzyGSBs.mp4,6,876
/Datasets/MUSIC/solo_11classes/audio_wav/trumpet/iqyw0xR5Wf0.wav,/Datasets/MUSIC/solo_11classes/visual/trumpet/iqyw0xR5Wf0.mp4,7,965
/Datasets/MUSIC/solo_11classes/audio_wav/acoustic_guitar/5UZF3bGoZpM.wav,/Datasets/MUSIC/solo_11classes/visual/acoustic_guitar/5UZF3bGoZpM.mp4,11,1682
/Datasets/MUSIC/solo_11classes/audio_wav/violin/UfP31JXZbKU.wav,/Datasets/MUSIC/solo_11classes/visual/violin/UfP31JXZbKU.mp4,3,467
/Datasets/MUSIC/solo_11classes/audio_wav/violin/HyD1g1KDoEE.wav,/Datasets/MUSIC/solo_11classes/visual/violin/HyD1g1KDoEE.mp4,12,1761
/Datasets/MUSIC/solo_11classes/audio_wav/cello/ZcKsPFZG4_0.wav,/Datasets/MUSIC/solo_11classes/visual/cello/ZcKsPFZG4_0.mp4,7,1093
/Datasets/MUSIC/solo_11classes/audio_wav/xylophone/fhzqzm0dYuE.wav,/Datasets/MUSIC/solo_11classes/visual/xylophone/fhzqzm0dYuE.mp4,8,1259
/Datasets/MUSIC/solo_11classes/audio_wav/saxophone/lDCeAgGUwyc.wav,/Datasets/MUSIC/solo_11classes/visual/saxophone/lDCeAgGUwyc.mp4,10,1530
/Datasets/MUSIC/solo_11classes/audio_wav/xylophone/894n_sDSEc0.wav,/Datasets/MUSIC/solo_11classes/visual/xylophone/894n_sDSEc0.mp4,7,1048
/Datasets/MUSIC/solo_11classes/audio_wav/acoustic_guitar/7_eFPuFPfR4.wav,/Datasets/MUSIC/solo_11classes/visual/acoustic_guitar/7_eFPuFPfR4.mp4,14,2157
/Datasets/MUSIC/solo_11classes/audio_wav/tuba/UNFwNbFdiTI.wav,/Datasets/MUSIC/solo_11classes/visual/tuba/UNFwNbFdiTI.mp4,5,705
/Datasets/MUSIC/solo_11classes/audio_wav/acoustic_guitar/XYizxH7yAqA.wav,/Datasets/MUSIC/solo_11classes/visual/acoustic_guitar/XYizxH7yAqA.mp4,6,859
/Datasets/MUSIC/solo_11classes/audio_wav/cello/XI7Fx7rJt4I.wav,/Datasets/MUSIC/solo_11classes/visual/cello/XI7Fx7rJt4I.mp4,4,491
/Datasets/MUSIC/solo_11classes/audio_wav/violin/CaeZoHNHul0.wav,/Datasets/MUSIC/solo_11classes/visual/violin/CaeZoHNHul0.mp4,9,1397
/Datasets/MUSIC/solo_11classes/audio_wav/violin/TyMrlwmg5M4.wav,/Datasets/MUSIC/solo_11classes/visual/violin/TyMrlwmg5M4.mp4,2,242
/Datasets/MUSIC/solo_11classes/audio_wav/acoustic_guitar/ZANyOBEWiJA.wav,/Datasets/MUSIC/solo_11classes/visual/acoustic_guitar/ZANyOBEWiJA.mp4,10,1585
/Datasets/MUSIC/solo_11classes/audio_wav/flute/B0xFpw9qvD4.wav,/Datasets/MUSIC/solo_11classes/visual/flute/B0xFpw9qvD4.mp4,5,657
/Datasets/MUSIC/solo_11classes/audio_wav/accordion/RRjph7N4hvk.wav,/Datasets/MUSIC/solo_11classes/visual/accordion/RRjph7N4hvk.mp4,8,1276
/Datasets/MUSIC/solo_11classes/audio_wav/tuba/G46O0IzYtt0.wav,/Datasets/MUSIC/solo_11classes/visual/tuba/G46O0IzYtt0.mp4,4,519
/Datasets/MUSIC/solo_11classes/audio_wav/acoustic_guitar/3AQsq1PG1Wc.wav,/Datasets/MUSIC/solo_11classes/visual/acoustic_guitar/3AQsq1PG1Wc.mp4,24,3798
/Datasets/MUSIC/solo_11classes/audio_wav/violin/YK94q0Fwquc.wav,/Datasets/MUSIC/solo_11classes/visual/violin/YK94q0Fwquc.mp4,2,299
/Datasets/MUSIC/solo_11classes/audio_wav/violin/nvzbPGgv7R4.wav,/Datasets/MUSIC/solo_11classes/visual/violin/nvzbPGgv7R4.mp4,9,1320
/Datasets/MUSIC/solo_11classes/audio_wav/acoustic_guitar/9npqVThPBw0.wav,/Datasets/MUSIC/solo_11classes/visual/acoustic_guitar/9npqVThPBw0.mp4,15,2274
/Datasets/MUSIC/solo_11classes/audio_wav/acoustic_guitar/60tvG40iSxo.wav,/Datasets/MUSIC/solo_11classes/visual/acoustic_guitar/60tvG40iSxo.mp4,15,2326
/Datasets/MUSIC/solo_11classes/audio_wav/accordion/Z_yNLFYjpsY.wav,/Datasets/MUSIC/solo_11classes/visual/accordion/Z_yNLFYjpsY.mp4,6,846
/Datasets/MUSIC/solo_11classes/audio_wav/violin/PWX_mohRkQ4.wav,/Datasets/MUSIC/solo_11classes/visual/violin/PWX_mohRkQ4.mp4,222,35422
/Datasets/MUSIC/solo_11classes/audio_wav/trumpet/g1sNdUDTfJQ.wav,/Datasets/MUSIC/solo_11classes/visual/trumpet/g1sNdUDTfJQ.mp4,4,555
/Datasets/MUSIC/solo_11classes/audio_wav/acoustic_guitar/CeOAuSm1NUo.wav,/Datasets/MUSIC/solo_11classes/visual/acoustic_guitar/CeOAuSm1NUo.mp4,10,1492
/Datasets/MUSIC/solo_11classes/audio_wav/saxophone/e73x3LGeb_Q.wav,/Datasets/MUSIC/solo_11classes/visual/saxophone/e73x3LGeb_Q.mp4,7,1012
/Datasets/MUSIC/solo_11classes/audio_wav/xylophone/BwDQ9VIW74Q.wav,/Datasets/MUSIC/solo_11classes/visual/xylophone/BwDQ9VIW74Q.mp4,5,731
/Datasets/MUSIC/solo_11classes/audio_wav/accordion/vhVtX8F0-BY.wav,/Datasets/MUSIC/solo_11classes/visual/accordion/vhVtX8F0-BY.mp4,7,974
/Datasets/MUSIC/solo_11classes/audio_wav/acoustic_guitar/3zi2fHlfP_8.wav,/Datasets/MUSIC/solo_11classes/visual/acoustic_guitar/3zi2fHlfP_8.mp4,13,1925
/Datasets/MUSIC/solo_11classes/audio_wav/xylophone/5lm9laLSORc.wav,/Datasets/MUSIC/solo_11classes/visual/xylophone/5lm9laLSORc.mp4,10,1453
/Datasets/MUSIC/solo_11classes/audio_wav/cello/EtP6JBWtd7s.wav,/Datasets/MUSIC/solo_11classes/visual/cello/EtP6JBWtd7s.mp4,10,1486
/Datasets/MUSIC/solo_11classes/audio_wav/acoustic_guitar/Eaq914E77oY.wav,/Datasets/MUSIC/solo_11classes/visual/acoustic_guitar/Eaq914E77oY.mp4,8,1131
/Datasets/MUSIC/solo_11classes/audio_wav/erhu/DLTK2_UyrDI.wav,/Datasets/MUSIC/solo_11classes/visual/erhu/DLTK2_UyrDI.mp4,5,674
/Datasets/MUSIC/solo_11classes/audio_wav/acoustic_guitar/5awjINljUoo.wav,/Datasets/MUSIC/solo_11classes/visual/acoustic_guitar/5awjINljUoo.mp4,8,1231
/Datasets/MUSIC/solo_11classes/audio_wav/flute/cTO_2R81fdY.wav,/Datasets/MUSIC/solo_11classes/visual/flute/cTO_2R81fdY.mp4,5,714
/Datasets/MUSIC/solo_11classes/audio_wav/saxophone/fH4pDr8CqI8.wav,/Datasets/MUSIC/solo_11classes/visual/saxophone/fH4pDr8CqI8.mp4,8,1173
/Datasets/MUSIC/solo_11classes/audio_wav/clarinet/TKN7q-aEwZw.wav,/Datasets/MUSIC/solo_11classes/visual/clarinet/TKN7q-aEwZw.mp4,8,1280
/Datasets/MUSIC/solo_11classes/audio_wav/violin/I0Cyq1YlSVM.wav,/Datasets/MUSIC/solo_11classes/visual/violin/I0Cyq1YlSVM.mp4,13,2032
/Datasets/MUSIC/solo_11classes/audio_wav/trumpet/nZ4HNz9xvSw.wav,/Datasets/MUSIC/solo_11classes/visual/trumpet/nZ4HNz9xvSw.mp4,4,581
/Datasets/MUSIC/solo_11classes/audio_wav/erhu/YLTpkQqX_ek.wav,/Datasets/MUSIC/solo_11classes/visual/erhu/YLTpkQqX_ek.mp4,4,594
/Datasets/MUSIC/solo_11classes/audio_wav/flute/f1a-JF06840.wav,/Datasets/MUSIC/solo_11classes/visual/flute/f1a-JF06840.mp4,9,1307
/Datasets/MUSIC/solo_11classes/audio_wav/cello/-oe-KptPGnY.wav,/Datasets/MUSIC/solo_11classes/visual/cello/-oe-KptPGnY.mp4,5,731
/Datasets/MUSIC/solo_11classes/audio_wav/tuba/4lVuJEIaXgo.wav,/Datasets/MUSIC/solo_11classes/visual/tuba/4lVuJEIaXgo.mp4,4,490
/Datasets/MUSIC/solo_11classes/audio_wav/accordion/nQpXK7PS-oo.wav,/Datasets/MUSIC/solo_11classes/visual/accordion/nQpXK7PS-oo.mp4,4,607
/Datasets/MUSIC/solo_11classes/audio_wav/tuba/N3nwDmWvsF4.wav,/Datasets/MUSIC/solo_11classes/visual/tuba/N3nwDmWvsF4.mp4,12,1773
/Datasets/MUSIC/solo_11classes/audio_wav/erhu/Mdryqvk0UH0.wav,/Datasets/MUSIC/solo_11classes/visual/erhu/Mdryqvk0UH0.mp4,2,279
/Datasets/MUSIC/solo_11classes/audio_wav/tuba/JRPtROMynA8.wav,/Datasets/MUSIC/solo_11classes/visual/tuba/JRPtROMynA8.mp4,4,505
/Datasets/MUSIC/solo_11classes/audio_wav/accordion/2gyrqiqTuiM.wav,/Datasets/MUSIC/solo_11classes/visual/accordion/2gyrqiqTuiM.mp4,11,1673
/Datasets/MUSIC/solo_11classes/audio_wav/tuba/SDR39fhyZRI.wav,/Datasets/MUSIC/solo_11classes/visual/tuba/SDR39fhyZRI.mp4,6,834
/Datasets/MUSIC/solo_11classes/audio_wav/tuba/P_lSgczU2Sk.wav,/Datasets/MUSIC/solo_11classes/visual/tuba/P_lSgczU2Sk.mp4,3,357
/Datasets/MUSIC/solo_11classes/audio_wav/flute/sybsjsj1zPo.wav,/Datasets/MUSIC/solo_11classes/visual/flute/sybsjsj1zPo.mp4,11,1704
/Datasets/MUSIC/solo_11classes/audio_wav/clarinet/focoWBYg16w.wav,/Datasets/MUSIC/solo_11classes/visual/clarinet/focoWBYg16w.mp4,8,1195
/Datasets/MUSIC/solo_11classes/audio_wav/cello/VlIcqDWmPkw.wav,/Datasets/MUSIC/solo_11classes/visual/cello/VlIcqDWmPkw.mp4,10,1512
/Datasets/MUSIC/solo_11classes/audio_wav/erhu/9PJgKV2VCcM.wav,/Datasets/MUSIC/solo_11classes/visual/erhu/9PJgKV2VCcM.mp4,7,1113
/Datasets/MUSIC/solo_11classes/audio_wav/cello/MvkJvZSOmjY.wav,/Datasets/MUSIC/solo_11classes/visual/cello/MvkJvZSOmjY.mp4,3,367
/Datasets/MUSIC/solo_11classes/audio_wav/acoustic_guitar/8YELO9yxs_c.wav,/Datasets/MUSIC/solo_11classes/visual/acoustic_guitar/8YELO9yxs_c.mp4,10,1520
/Datasets/MUSIC/solo_11classes/audio_wav/violin/pWGLb57zbz8.wav,/Datasets/MUSIC/solo_11classes/visual/violin/pWGLb57zbz8.mp4,8,1178
/Datasets/MUSIC/solo_11classes/audio_wav/acoustic_guitar/2eXkRj4DjaM.wav,/Datasets/MUSIC/solo_11classes/visual/acoustic_guitar/2eXkRj4DjaM.mp4,14,2140
/Datasets/MUSIC/solo_11classes/audio_wav/tuba/WSRAO6abxog.wav,/Datasets/MUSIC/solo_11classes/visual/tuba/WSRAO6abxog.mp4,5,683
/Datasets/MUSIC/solo_11classes/audio_wav/accordion/1mCi6eWXVbg.wav,/Datasets/MUSIC/solo_11classes/visual/accordion/1mCi6eWXVbg.mp4,7,990
/Datasets/MUSIC/solo_11classes/audio_wav/accordion/MKSTzG114d0.wav,/Datasets/MUSIC/solo_11classes/visual/accordion/MKSTzG114d0.mp4,4,535
/Datasets/MUSIC/solo_11classes/audio_wav/violin/9g20WQ0WHn0.wav,/Datasets/MUSIC/solo_11classes/visual/violin/9g20WQ0WHn0.mp4,6,896
/Datasets/MUSIC/solo_11classes/audio_wav/clarinet/TREfn2OfujU.wav,/Datasets/MUSIC/solo_11classes/visual/clarinet/TREfn2OfujU.mp4,3,427
/Datasets/MUSIC/solo_11classes/audio_wav/tuba/KrlDeCWv9ak.wav,/Datasets/MUSIC/solo_11classes/visual/tuba/KrlDeCWv9ak.mp4,10,1459
/Datasets/MUSIC/solo_11classes/audio_wav/accordion/-DlGdZNAsxA.wav,/Datasets/MUSIC/solo_11classes/visual/accordion/-DlGdZNAsxA.mp4,10,1530
/Datasets/MUSIC/solo_11classes/audio_wav/violin/-5CDUnGu3jA.wav,/Datasets/MUSIC/solo_11classes/visual/violin/-5CDUnGu3jA.mp4,11,1658
/Datasets/MUSIC/solo_11classes/audio_wav/acoustic_guitar/4AI18Hhy5No.wav,/Datasets/MUSIC/solo_11classes/visual/acoustic_guitar/4AI18Hhy5No.mp4,16,2481
/Datasets/MUSIC/solo_11classes/audio_wav/accordion/phwHB8nASOo.wav,/Datasets/MUSIC/solo_11classes/visual/accordion/phwHB8nASOo.mp4,5,718
/Datasets/MUSIC/solo_11classes/audio_wav/cello/YmKMEpt9OjQ.wav,/Datasets/MUSIC/solo_11classes/visual/cello/YmKMEpt9OjQ.mp4,11,1672
/Datasets/MUSIC/solo_11classes/audio_wav/acoustic_guitar/75bCUXEv1hs.wav,/Datasets/MUSIC/solo_11classes/visual/acoustic_guitar/75bCUXEv1hs.mp4,14,2226
/Datasets/MUSIC/solo_11classes/audio_wav/saxophone/P5pxcBdxa4E.wav,/Datasets/MUSIC/solo_11classes/visual/saxophone/P5pxcBdxa4E.mp4,2,283
/Datasets/MUSIC/solo_11classes/audio_wav/tuba/8sgzGhxw-tM.wav,/Datasets/MUSIC/solo_11classes/visual/tuba/8sgzGhxw-tM.mp4,7,1030
/Datasets/MUSIC/solo_11classes/audio_wav/accordion/KC2RgtW4IZ0.wav,/Datasets/MUSIC/solo_11classes/visual/accordion/KC2RgtW4IZ0.mp4,4,568
/Datasets/MUSIC/solo_11classes/audio_wav/tuba/V9NILCtoTkc.wav,/Datasets/MUSIC/solo_11classes/visual/tuba/V9NILCtoTkc.mp4,3,426
/Datasets/MUSIC/solo_11classes/audio_wav/erhu/XvnFhocZ6qM.wav,/Datasets/MUSIC/solo_11classes/visual/erhu/XvnFhocZ6qM.mp4,11,1697
/Datasets/MUSIC/solo_11classes/audio_wav/cello/2R12lQszz90.wav,/Datasets/MUSIC/solo_11classes/visual/cello/2R12lQszz90.mp4,8,1178
/Datasets/MUSIC/solo_11classes/audio_wav/erhu/2D2ALfuqDpk.wav,/Datasets/MUSIC/solo_11classes/visual/erhu/2D2ALfuqDpk.mp4,5,683
/Datasets/MUSIC/solo_11classes/audio_wav/erhu/-e5DuAUwBgA.wav,/Datasets/MUSIC/solo_11classes/visual/erhu/-e5DuAUwBgA.mp4,6,831
/Datasets/MUSIC/solo_11classes/audio_wav/accordion/2WZsNZrbt6w.wav,/Datasets/MUSIC/solo_11classes/visual/accordion/2WZsNZrbt6w.mp4,9,1381
/Datasets/MUSIC/solo_11classes/audio_wav/violin/bapfkDpaSGw.wav,/Datasets/MUSIC/solo_11classes/visual/violin/bapfkDpaSGw.mp4,6,875
/Datasets/MUSIC/solo_11classes/audio_wav/violin/TOLoplXKr7U.wav,/Datasets/MUSIC/solo_11classes/visual/violin/TOLoplXKr7U.mp4,7,1093
/Datasets/MUSIC/solo_11classes/audio_wav/accordion/CgCMBFcifVE.wav,/Datasets/MUSIC/solo_11classes/visual/accordion/CgCMBFcifVE.mp4,10,1466
/Datasets/MUSIC/solo_11classes/audio_wav/clarinet/MqB8Ux4DsIM.wav,/Datasets/MUSIC/solo_11classes/visual/clarinet/MqB8Ux4DsIM.mp4,2,170
/Datasets/MUSIC/solo_11classes/audio_wav/trumpet/-dGfOlFsY20.wav,/Datasets/MUSIC/solo_11classes/visual/trumpet/-dGfOlFsY20.mp4,4,531
/Datasets/MUSIC/solo_11classes/audio_wav/xylophone/JkhKTTB0YB8.wav,/Datasets/MUSIC/solo_11classes/visual/xylophone/JkhKTTB0YB8.mp4,2,274
/Datasets/MUSIC/solo_11classes/audio_wav/erhu/MJgy2-QJxmE.wav,/Datasets/MUSIC/solo_11classes/visual/erhu/MJgy2-QJxmE.mp4,3,357
/Datasets/MUSIC/solo_11classes/audio_wav/tuba/8EU0xM-pQOI.wav,/Datasets/MUSIC/solo_11classes/visual/tuba/8EU0xM-pQOI.mp4,2,313
/Datasets/MUSIC/solo_11classes/audio_wav/erhu/3XAn8BHmtKg.wav,/Datasets/MUSIC/solo_11classes/visual/erhu/3XAn8BHmtKg.mp4,10,1451
/Datasets/MUSIC/solo_11classes/audio_wav/violin/-tY40Ev8IzE.wav,/Datasets/MUSIC/solo_11classes/visual/violin/-tY40Ev8IzE.mp4,9,1413
/Datasets/MUSIC/solo_11classes/audio_wav/flute/BO7_8o4QSr4.wav,/Datasets/MUSIC/solo_11classes/visual/flute/BO7_8o4QSr4.mp4,2,308
/Datasets/MUSIC/solo_11classes/audio_wav/acoustic_guitar/8RblA-E3140.wav,/Datasets/MUSIC/solo_11classes/visual/acoustic_guitar/8RblA-E3140.mp4,14,2122
/Datasets/MUSIC/solo_11classes/audio_wav/acoustic_guitar/X4UWEifacwI.wav,/Datasets/MUSIC/solo_11classes/visual/acoustic_guitar/X4UWEifacwI.mp4,12,1790
/Datasets/MUSIC/solo_11classes/audio_wav/xylophone/Xx0Haa8Fk2o.wav,/Datasets/MUSIC/solo_11classes/visual/xylophone/Xx0Haa8Fk2o.mp4,12,1764
/Datasets/MUSIC/solo_11classes/audio_wav/clarinet/WnUAJsk97k4.wav,/Datasets/MUSIC/solo_11classes/visual/clarinet/WnUAJsk97k4.mp4,7,1022
/Datasets/MUSIC/solo_11classes/audio_wav/accordion/PMDSfAZ4-eo.wav,/Datasets/MUSIC/solo_11classes/visual/accordion/PMDSfAZ4-eo.mp4,12,1834
/Datasets/MUSIC/solo_11classes/audio_wav/xylophone/fhf2cx9t4vY.wav,/Datasets/MUSIC/solo_11classes/visual/xylophone/fhf2cx9t4vY.mp4,2,169
/Datasets/MUSIC/solo_11classes/audio_wav/trumpet/ZFp0yw9Dxcw.wav,/Datasets/MUSIC/solo_11classes/visual/trumpet/ZFp0yw9Dxcw.mp4,2,303
/Datasets/MUSIC/solo_11classes/audio_wav/acoustic_guitar/Y-dpHbPGQWE.wav,/Datasets/MUSIC/solo_11classes/visual/acoustic_guitar/Y-dpHbPGQWE.mp4,12,1873
/Datasets/MUSIC/solo_11classes/audio_wav/acoustic_guitar/FoOVn7MACAE.wav,/Datasets/MUSIC/solo_11classes/visual/acoustic_guitar/FoOVn7MACAE.mp4,12,1787
/Datasets/MUSIC/solo_11classes/audio_wav/xylophone/DGn7xcsxMPk.wav,/Datasets/MUSIC/solo_11classes/visual/xylophone/DGn7xcsxMPk.mp4,7,1033
/Datasets/MUSIC/solo_11classes/audio_wav/xylophone/oQJVBH6ST7o.wav,/Datasets/MUSIC/solo_11classes/visual/xylophone/oQJVBH6ST7o.mp4,10,1571
/Datasets/MUSIC/solo_11classes/audio_wav/clarinet/P5nnnybNQ_o.wav,/Datasets/MUSIC/solo_11classes/visual/clarinet/P5nnnybNQ_o.mp4,5,723
/Datasets/MUSIC/solo_11classes/audio_wav/xylophone/VcEhFKOTF7A.wav,/Datasets/MUSIC/solo_11classes/visual/xylophone/VcEhFKOTF7A.mp4,3,457
/Datasets/MUSIC/solo_11classes/audio_wav/erhu/3n-vlswrQYM.wav,/Datasets/MUSIC/solo_11classes/visual/erhu/3n-vlswrQYM.mp4,3,322
/Datasets/MUSIC/solo_11classes/audio_wav/saxophone/xyi0Ft3sb0U.wav,/Datasets/MUSIC/solo_11classes/visual/saxophone/xyi0Ft3sb0U.mp4,4,482
/Datasets/MUSIC/solo_11classes/audio_wav/tuba/8YNdpTm2vsc.wav,/Datasets/MUSIC/solo_11classes/visual/tuba/8YNdpTm2vsc.mp4,12,1891
/Datasets/MUSIC/solo_11classes/audio_wav/acoustic_guitar/KOt3oARDH9I.wav,/Datasets/MUSIC/solo_11classes/visual/acoustic_guitar/KOt3oARDH9I.mp4,7,1115
/Datasets/MUSIC/solo_11classes/audio_wav/trumpet/U2NMdF5yzdE.wav,/Datasets/MUSIC/solo_11classes/visual/trumpet/U2NMdF5yzdE.mp4,3,470
/Datasets/MUSIC/solo_11classes/audio_wav/violin/kuNep98Fd8o.wav,/Datasets/MUSIC/solo_11classes/visual/violin/kuNep98Fd8o.mp4,9,1376
/Datasets/MUSIC/solo_11classes/audio_wav/acoustic_guitar/8LU-kq19V3Y.wav,/Datasets/MUSIC/solo_11classes/visual/acoustic_guitar/8LU-kq19V3Y.mp4,5,745
/Datasets/MUSIC/solo_11classes/audio_wav/acoustic_guitar/44FPny8k4DM.wav,/Datasets/MUSIC/solo_11classes/visual/acoustic_guitar/44FPny8k4DM.mp4,12,1902
/Datasets/MUSIC/solo_11classes/audio_wav/flute/UD2SYltnnlY.wav,/Datasets/MUSIC/solo_11classes/visual/flute/UD2SYltnnlY.mp4,11,1666
/Datasets/MUSIC/solo_11classes/audio_wav/violin/PZoaEmxrsZQ.wav,/Datasets/MUSIC/solo_11classes/visual/violin/PZoaEmxrsZQ.mp4,11,1694
/Datasets/MUSIC/solo_11classes/audio_wav/cello/-Gdh8N_KpLY.wav,/Datasets/MUSIC/solo_11classes/visual/cello/-Gdh8N_KpLY.mp4,11,1679
/Datasets/MUSIC/solo_11classes/audio_wav/violin/vYr0vft28Tg.wav,/Datasets/MUSIC/solo_11classes/visual/violin/vYr0vft28Tg.mp4,9,1329
/Datasets/MUSIC/solo_11classes/audio_wav/acoustic_guitar/09C8NuLfsxc.wav,/Datasets/MUSIC/solo_11classes/visual/acoustic_guitar/09C8NuLfsxc.mp4,21,3261
/Datasets/MUSIC/solo_11classes/audio_wav/tuba/4CTkB84ukfY.wav,/Datasets/MUSIC/solo_11classes/visual/tuba/4CTkB84ukfY.mp4,3,325
/Datasets/MUSIC/solo_11classes/audio_wav/accordion/_jPFkOkNjuo.wav,/Datasets/MUSIC/solo_11classes/visual/accordion/_jPFkOkNjuo.mp4,4,536
/Datasets/MUSIC/solo_11classes/audio_wav/acoustic_guitar/_IcBMTI8PEQ.wav,/Datasets/MUSIC/solo_11classes/visual/acoustic_guitar/_IcBMTI8PEQ.mp4,10,1461
/Datasets/MUSIC/solo_11classes/audio_wav/cello/_oUTOskOwXs.wav,/Datasets/MUSIC/solo_11classes/visual/cello/_oUTOskOwXs.mp4,5,773
/Datasets/MUSIC/solo_11classes/audio_wav/clarinet/_O1mTqCSo6E.wav,/Datasets/MUSIC/solo_11classes/visual/clarinet/_O1mTqCSo6E.mp4,6,934
/Datasets/MUSIC/solo_11classes/audio_wav/flute/1fhZ3iBeK2g.wav,/Datasets/MUSIC/solo_11classes/visual/flute/1fhZ3iBeK2g.mp4,6,942
/Datasets/MUSIC/solo_11classes/audio_wav/saxophone/5_NsbkyLO2Q.wav,/Datasets/MUSIC/solo_11classes/visual/saxophone/5_NsbkyLO2Q.mp4,11,1757
/Datasets/MUSIC/solo_11classes/audio_wav/trumpet/_AtTFfgZvEk.wav,/Datasets/MUSIC/solo_11classes/visual/trumpet/_AtTFfgZvEk.mp4,4,603
/Datasets/MUSIC/solo_11classes/audio_wav/tuba/_idF1Hf3-CI.wav,/Datasets/MUSIC/solo_11classes/visual/tuba/_idF1Hf3-CI.mp4,12,1802
/Datasets/MUSIC/solo_11classes/audio_wav/violin/-_jlqeSs6ZU.wav,/Datasets/MUSIC/solo_11classes/visual/violin/-_jlqeSs6ZU.mp4,4,615
/Datasets/MUSIC/solo_11classes/audio_wav/xylophone/-0gYWIOfqdM.wav,/Datasets/MUSIC/solo_11classes/visual/xylophone/-0gYWIOfqdM.mp4,5,689
/Datasets/MUSIC/solo_11classes/audio_wav/accordion/0N26WnKiCIg.wav,/Datasets/MUSIC/solo_11classes/visual/accordion/0N26WnKiCIg.mp4,7,1074
/Datasets/MUSIC/solo_11classes/audio_wav/acoustic_guitar/0H7Q1Env4UY.wav,/Datasets/MUSIC/solo_11classes/visual/acoustic_guitar/0H7Q1Env4UY.mp4,15,2390
/Datasets/MUSIC/solo_11classes/audio_wav/cello/-_-TDDxoaAc.wav,/Datasets/MUSIC/solo_11classes/visual/cello/-_-TDDxoaAc.mp4,11,1737
/Datasets/MUSIC/solo_11classes/audio_wav/clarinet/0IRJ75zgcAY.wav,/Datasets/MUSIC/solo_11classes/visual/clarinet/0IRJ75zgcAY.mp4,9,1423
/Datasets/MUSIC/solo_11classes/audio_wav/erhu/0VyVd_QUCl8.wav,/Datasets/MUSIC/solo_11classes/visual/erhu/0VyVd_QUCl8.mp4,8,1161
/Datasets/MUSIC/solo_11classes/audio_wav/flute/3q104tR3k2Q.wav,/Datasets/MUSIC/solo_11classes/visual/flute/3q104tR3k2Q.mp4,7,962
/Datasets/MUSIC/solo_11classes/audio_wav/saxophone/8U4tYnLtuzk.wav,/Datasets/MUSIC/solo_11classes/visual/saxophone/8U4tYnLtuzk.mp4,9,1316
/Datasets/MUSIC/solo_11classes/audio_wav/trumpet/2gk-IN35s5I.wav,/Datasets/MUSIC/solo_11classes/visual/trumpet/2gk-IN35s5I.mp4,6,817
/Datasets/MUSIC/solo_11classes/audio_wav/tuba/1owUN7YXSzE.wav,/Datasets/MUSIC/solo_11classes/visual/tuba/1owUN7YXSzE.mp4,5,685
/Datasets/MUSIC/solo_11classes/audio_wav/violin/0PqIvfpaVSc.wav,/Datasets/MUSIC/solo_11classes/visual/violin/0PqIvfpaVSc.mp4,29,4508
/Datasets/MUSIC/solo_11classes/audio_wav/xylophone/0o22Fy2Hr3s.wav,/Datasets/MUSIC/solo_11classes/visual/xylophone/0o22Fy2Hr3s.mp4,12,1819
